CREATE DATABASE  IF NOT EXISTS `gonsad` /*!40100 DEFAULT CHARACTER SET utf8 COLLATE utf8_spanish2_ci */;
USE `gonsad`;
-- MySQL dump 10.13  Distrib 8.0.32, for Win64 (x86_64)
--
-- Host: 127.0.0.1    Database: gonsad
-- ------------------------------------------------------
-- Server version	5.7.33

/*!40101 SET @OLD_CHARACTER_SET_CLIENT=@@CHARACTER_SET_CLIENT */;
/*!40101 SET @OLD_CHARACTER_SET_RESULTS=@@CHARACTER_SET_RESULTS */;
/*!40101 SET @OLD_COLLATION_CONNECTION=@@COLLATION_CONNECTION */;
/*!50503 SET NAMES utf8 */;
/*!40103 SET @OLD_TIME_ZONE=@@TIME_ZONE */;
/*!40103 SET TIME_ZONE='+00:00' */;
/*!40014 SET @OLD_UNIQUE_CHECKS=@@UNIQUE_CHECKS, UNIQUE_CHECKS=0 */;
/*!40014 SET @OLD_FOREIGN_KEY_CHECKS=@@FOREIGN_KEY_CHECKS, FOREIGN_KEY_CHECKS=0 */;
/*!40101 SET @OLD_SQL_MODE=@@SQL_MODE, SQL_MODE='NO_AUTO_VALUE_ON_ZERO' */;
/*!40111 SET @OLD_SQL_NOTES=@@SQL_NOTES, SQL_NOTES=0 */;

--
-- Table structure for table `asistencia_bitacora`
--

DROP TABLE IF EXISTS `asistencia_bitacora`;
/*!40101 SET @saved_cs_client     = @@character_set_client */;
/*!50503 SET character_set_client = utf8mb4 */;
CREATE TABLE `asistencia_bitacora` (
  `idbitacora` int(11) NOT NULL AUTO_INCREMENT,
  `idpersonal` int(11) NOT NULL,
  `fecha` date NOT NULL,
  `hora` time NOT NULL,
  `tipo` varchar(45) COLLATE utf8_spanish2_ci NOT NULL,
  `horasalida` time DEFAULT NULL,
  `tiempo` double DEFAULT NULL,
  PRIMARY KEY (`idbitacora`)
) ENGINE=InnoDB AUTO_INCREMENT=62 DEFAULT CHARSET=utf8 COLLATE=utf8_spanish2_ci;
/*!40101 SET character_set_client = @saved_cs_client */;

--
-- Dumping data for table `asistencia_bitacora`
--

LOCK TABLES `asistencia_bitacora` WRITE;
/*!40000 ALTER TABLE `asistencia_bitacora` DISABLE KEYS */;
INSERT INTO `asistencia_bitacora` VALUES (1,2,'2023-04-08','10:41:00','Entrada',NULL,NULL),(2,2,'2023-04-08','11:36:00','Entrada',NULL,NULL),(3,2,'2023-04-08','11:39:00','Entrada',NULL,NULL),(4,2,'2023-04-08','11:40:00','Entrada',NULL,NULL),(5,2,'2023-04-08','11:40:00','Entrada',NULL,NULL),(6,2,'2023-04-08','12:40:00','Entrada',NULL,NULL),(7,2,'2023-04-08','04:14:00','Entrada',NULL,NULL),(8,2,'2023-04-08','04:28:00','Entrada',NULL,NULL),(9,2,'2023-04-08','04:40:00','Entrada',NULL,NULL),(10,2,'2023-04-08','06:55:00','Entrada',NULL,NULL),(11,2,'2023-04-08','07:31:00','Entrada',NULL,NULL),(12,2,'2023-04-08','07:43:00','Entrada',NULL,NULL),(13,2,'2023-04-08','08:04:00','Entrada',NULL,NULL),(14,2,'2023-04-08','08:06:00','Entrada',NULL,NULL),(15,2,'2023-04-08','08:10:00','Entrada',NULL,NULL),(16,2,'2023-04-08','08:12:00','Entrada',NULL,NULL),(17,2,'2023-04-08','08:14:00','Entrada',NULL,NULL),(18,2,'2023-04-08','08:19:00','Entrada',NULL,NULL),(19,2,'2023-04-08','08:22:00','Entrada',NULL,NULL),(20,2,'2023-04-08','08:22:00','Entrada',NULL,NULL),(21,2,'2023-04-08','08:24:00','Entrada',NULL,NULL),(22,2,'2023-04-08','08:25:00','Entrada',NULL,NULL),(23,2,'2023-04-08','08:26:00','Entrada',NULL,NULL),(24,2,'2023-04-08','08:28:00','Entrada',NULL,NULL),(25,2,'2023-04-08','08:29:00','Entrada',NULL,NULL),(26,2,'2023-04-08','08:30:00','Entrada',NULL,NULL),(27,2,'2023-04-08','08:33:00','Entrada',NULL,NULL),(28,2,'2023-04-08','08:37:00','Entrada',NULL,NULL),(29,2,'2023-04-08','08:39:00','Entrada',NULL,NULL),(30,2,'2023-04-08','08:40:00','Entrada',NULL,NULL),(31,2,'2023-04-08','08:41:00','Entrada',NULL,NULL),(32,2,'2023-04-08','08:44:00','Entrada',NULL,NULL),(33,2,'2023-04-08','08:45:00','Entrada',NULL,NULL),(34,2,'2023-04-08','08:46:00','Entrada',NULL,NULL),(35,2,'2023-04-08','08:47:00','Entrada',NULL,NULL),(36,2,'2023-04-08','08:47:00','Entrada',NULL,NULL),(37,2,'2023-04-08','08:48:00','Entrada',NULL,NULL),(38,2,'2023-04-08','08:51:00','Entrada',NULL,NULL),(39,2,'2023-04-08','08:52:00','Entrada',NULL,NULL),(40,2,'2023-04-08','08:52:00','Entrada',NULL,NULL),(41,2,'2023-04-08','08:54:00','Entrada',NULL,NULL),(42,2,'2023-04-08','08:55:00','Entrada',NULL,NULL),(43,2,'2023-04-08','08:55:00','Entrada',NULL,NULL),(44,2,'2023-04-08','08:59:00','Entrada',NULL,NULL),(45,2,'2023-04-08','09:00:00','Entrada',NULL,NULL),(46,2,'2023-04-08','10:15:00','Entrada',NULL,NULL),(47,2,'2023-04-08','10:26:00','Entrada',NULL,NULL),(48,2,'2023-04-08','10:28:00','Entrada',NULL,NULL),(49,2,'2023-04-08','10:31:00','Entrada',NULL,NULL),(50,2,'2023-04-08','10:35:00','Entrada',NULL,NULL),(51,2,'2023-04-08','10:35:00','Entrada',NULL,NULL),(52,2,'2023-04-09','12:04:00','Entrada',NULL,NULL),(53,2,'2023-04-09','12:07:00','Entrada',NULL,NULL),(54,2,'2023-04-09','12:14:00','Entrada',NULL,NULL),(55,2,'2023-04-09','12:18:00','Entrada',NULL,NULL),(56,2,'2023-04-09','12:20:00','Entrada',NULL,NULL),(57,2,'2023-04-09','12:21:00','Entrada',NULL,NULL),(58,2,'2023-04-09','12:24:00','Entrada',NULL,NULL),(59,2,'2023-04-09','12:24:00','Salida',NULL,NULL),(60,2,'2023-04-09','12:36:00','Entrada',NULL,NULL),(61,2,'2023-04-09','12:39:00','Entrada',NULL,NULL);
/*!40000 ALTER TABLE `asistencia_bitacora` ENABLE KEYS */;
UNLOCK TABLES;

--
-- Table structure for table `asistencia_detalle`
--

DROP TABLE IF EXISTS `asistencia_detalle`;
/*!40101 SET @saved_cs_client     = @@character_set_client */;
/*!50503 SET character_set_client = utf8mb4 */;
CREATE TABLE `asistencia_detalle` (
  `iddetalle` int(11) NOT NULL AUTO_INCREMENT,
  `idpersonal` int(11) NOT NULL,
  `periodo` int(11) NOT NULL,
  `llamada` int(11) NOT NULL,
  `fecha` date NOT NULL,
  `hora_in` time NOT NULL,
  `tipo` varchar(20) COLLATE utf8_spanish2_ci NOT NULL,
  `asistencia` char(1) COLLATE utf8_spanish2_ci DEFAULT NULL,
  `descuento` double NOT NULL,
  PRIMARY KEY (`iddetalle`)
) ENGINE=InnoDB AUTO_INCREMENT=14 DEFAULT CHARSET=utf8 COLLATE=utf8_spanish2_ci;
/*!40101 SET character_set_client = @saved_cs_client */;

--
-- Dumping data for table `asistencia_detalle`
--

LOCK TABLES `asistencia_detalle` WRITE;
/*!40000 ALTER TABLE `asistencia_detalle` DISABLE KEYS */;
INSERT INTO `asistencia_detalle` VALUES (1,2,1,1,'2023-04-08','10:16:25','Entrada','F',20),(2,2,1,2,'2023-04-08','10:36:04','Salida','',20),(3,2,1,6,'2023-04-09','12:05:00','Entrada','P',0),(4,2,1,6,'2023-04-09','12:07:37','Entrada','P',0),(5,2,1,1,'2023-04-09','12:14:23','Entrada','P',0),(6,2,1,1,'2023-04-09','12:18:42','Entrada','P',0),(7,2,1,1,'2023-04-09','12:20:38','Entrada','P',0),(8,2,1,2,'2023-04-09','12:21:48','Entrada','P',0),(9,2,1,1,'2023-04-09','12:24:29','Entrada','P',0),(10,2,1,1,'2023-04-09','12:36:08','Entrada','P',0),(11,2,1,6,'2023-04-09','12:39:54','Entrada','P',0),(12,1,1,4,'2023-04-11','06:29:13','Entrada','F',20),(13,1,1,4,'2023-04-11','06:29:25','Entrada','F',20);
/*!40000 ALTER TABLE `asistencia_detalle` ENABLE KEYS */;
UNLOCK TABLES;

--
-- Table structure for table `asistencia_login`
--

DROP TABLE IF EXISTS `asistencia_login`;
/*!40101 SET @saved_cs_client     = @@character_set_client */;
/*!50503 SET character_set_client = utf8mb4 */;
CREATE TABLE `asistencia_login` (
  `idlogin` int(11) NOT NULL AUTO_INCREMENT,
  `idpersonal` int(11) NOT NULL,
  `loginname` varchar(100) COLLATE utf8_spanish2_ci NOT NULL,
  `passwd` varchar(100) COLLATE utf8_spanish2_ci NOT NULL,
  `nivel` int(11) DEFAULT '2',
  `activo` int(11) DEFAULT '1',
  `fecCreate` datetime DEFAULT NULL,
  `fecChange` datetime DEFAULT NULL,
  `tipo` int(11) DEFAULT NULL,
  PRIMARY KEY (`idlogin`),
  UNIQUE KEY `loginname` (`loginname`),
  UNIQUE KEY `idpersonal_UNIQUE` (`idpersonal`)
) ENGINE=InnoDB AUTO_INCREMENT=3 DEFAULT CHARSET=utf8 COLLATE=utf8_spanish2_ci;
/*!40101 SET character_set_client = @saved_cs_client */;

--
-- Dumping data for table `asistencia_login`
--

LOCK TABLES `asistencia_login` WRITE;
/*!40000 ALTER TABLE `asistencia_login` DISABLE KEYS */;
INSERT INTO `asistencia_login` VALUES (1,1,'admin','admin',1,1,'2023-01-03 00:00:00','2023-01-03 00:00:00',1),(2,2,'per','per',3,1,'2023-01-03 00:00:00','2023-01-03 00:00:00',3);
/*!40000 ALTER TABLE `asistencia_login` ENABLE KEYS */;
UNLOCK TABLES;

--
-- Table structure for table `asistencia_registro`
--

DROP TABLE IF EXISTS `asistencia_registro`;
/*!40101 SET @saved_cs_client     = @@character_set_client */;
/*!50503 SET character_set_client = utf8mb4 */;
CREATE TABLE `asistencia_registro` (
  `idasistencia` int(11) NOT NULL AUTO_INCREMENT,
  `idperiodo` int(11) NOT NULL,
  `idpersonal` int(11) NOT NULL,
  `fecha` date NOT NULL,
  `hora_in` time NOT NULL,
  `tipo` varchar(20) NOT NULL,
  PRIMARY KEY (`idasistencia`)
) ENGINE=InnoDB AUTO_INCREMENT=2 DEFAULT CHARSET=utf8;
/*!40101 SET character_set_client = @saved_cs_client */;

--
-- Dumping data for table `asistencia_registro`
--

LOCK TABLES `asistencia_registro` WRITE;
/*!40000 ALTER TABLE `asistencia_registro` DISABLE KEYS */;
INSERT INTO `asistencia_registro` VALUES (1,1,2,'2023-04-08','11:22:03','Entrada');
/*!40000 ALTER TABLE `asistencia_registro` ENABLE KEYS */;
UNLOCK TABLES;

--
-- Table structure for table `global_departamentos`
--

DROP TABLE IF EXISTS `global_departamentos`;
/*!40101 SET @saved_cs_client     = @@character_set_client */;
/*!50503 SET character_set_client = utf8mb4 */;
CREATE TABLE `global_departamentos` (
  `Cod_dpt` double(53,0) NOT NULL DEFAULT '0',
  `Des_dpt` varchar(255) CHARACTER SET utf8 COLLATE utf8_spanish2_ci DEFAULT NULL,
  `Des_cap` varchar(255) CHARACTER SET utf8 COLLATE utf8_spanish2_ci DEFAULT NULL,
  PRIMARY KEY (`Cod_dpt`)
) ENGINE=MyISAM DEFAULT CHARSET=utf8;
/*!40101 SET character_set_client = @saved_cs_client */;

--
-- Dumping data for table `global_departamentos`
--

LOCK TABLES `global_departamentos` WRITE;
/*!40000 ALTER TABLE `global_departamentos` DISABLE KEYS */;
INSERT INTO `global_departamentos` VALUES (10000,'AMAZONAS','CHACHAPOYAS'),(20000,'ANCASH','HUARAZ'),(30000,'APURIMAC','ABANCAY'),(40000,'AREQUIPA','AREQUIPA'),(50000,'AYACUCHO','AYACUCHO'),(60000,'CAJAMARCA','CAJAMARCA'),(70000,'CALLAO (PROV)','CALLAO'),(80000,'CUSCO','CUSCO'),(90000,'HUANCAVELICA','HUANCAVELICA'),(100000,'HUANUCO','HUANUCO'),(110000,'ICA','ICA'),(120000,'JUNIN','HUANCAYO'),(130000,'LA LIBERTAD','TRUJILLO'),(140000,'LAMBAYEQUE','CHICLAYO'),(150000,'LIMA','LIMA'),(160000,'LORETO','IQUITOS'),(170000,'MADRE DE DIOS','PUERTO MALDONADO'),(180000,'MOQUEGUA','MOQUEGUA'),(190000,'PASCO','CERRO DE PASCO'),(200000,'PIURA','PIURA'),(210000,'PUNO','PUNO'),(220000,'SAN MARTIN','MOYOBAMBA'),(230000,'TACNA','TACNA'),(240000,'TUMBES','TUMBES'),(250000,'UCAYALI','PUCALLPA');
/*!40000 ALTER TABLE `global_departamentos` ENABLE KEYS */;
UNLOCK TABLES;

--
-- Table structure for table `global_distritos`
--

DROP TABLE IF EXISTS `global_distritos`;
/*!40101 SET @saved_cs_client     = @@character_set_client */;
/*!50503 SET character_set_client = utf8mb4 */;
CREATE TABLE `global_distritos` (
  `Cod_dst` double(53,0) NOT NULL,
  `Des_dst` varchar(100) CHARACTER SET utf8 COLLATE utf8_spanish_ci DEFAULT NULL,
  `Des_cap` varchar(100) CHARACTER SET utf8 COLLATE utf8_spanish_ci DEFAULT NULL,
  `Cod_nat` int(11) DEFAULT NULL,
  `Cod_pvi` double(53,0) DEFAULT NULL,
  PRIMARY KEY (`Cod_dst`)
) ENGINE=InnoDB DEFAULT CHARSET=utf8;
/*!40101 SET character_set_client = @saved_cs_client */;

--
-- Dumping data for table `global_distritos`
--

LOCK TABLES `global_distritos` WRITE;
/*!40000 ALTER TABLE `global_distritos` DISABLE KEYS */;
INSERT INTO `global_distritos` VALUES (0,'Santa Anita','Santa Anita',150000,150100),(10101,'CHACHAPOYAS','CHACHAPOYAS',2,10100),(10102,'ASUNCION','ASUNCION',2,10100),(10103,'BALSAS','BALSAS',3,10100),(10104,'CHETO','CHETO',2,10100),(10105,'CHILIQUIN','CHILIQUIN',2,10100),(10106,'CHUQUIBAMBA','CHUQUIBAMBA',2,10100),(10107,'GRANADA','GRANADA',2,10100),(10108,'HUANCAS','HUANCAS',2,10100),(10109,'LA JALCA','LA JALCA',2,10100),(10110,'LEIMEBAMBA','LEIMEBAMBA',2,10100),(10111,'LEVANTO','LEVANTO',2,10100),(10112,'MAGDALENA','MAGDALENA',2,10100),(10113,'MARISCAL CASTILLA','DURAZNOPAMPA',2,10100),(10114,'MOLINOPAMPA','MOLINOPAMPA',3,10100),(10115,'MONTEVIDEO','MONTEVIDEO',2,10100),(10116,'OLLEROS','OLLEROS',2,10100),(10117,'QUINJALCA','QUINJALCA',2,10100),(10118,'SAN FRANCISCO DE DAGUAS','DAGUAS',2,10100),(10119,'SAN ISIDRO DE MAINO','MAINO',2,10100),(10120,'SOLOCO','SOLOCO',2,10100),(10121,'SONCHE','SAN JUAN DE SONCHE',2,10100),(10201,'LA PECA','BAGUA',4,10200),(10202,'ARAMANGO','ARAMANGO',4,10200),(10203,'COPALLIN','COPALLIN',3,10200),(10204,'EL PARCO','EL PARCO',4,10200),(10205,'IMAZA','CHIRIACO',4,10200),(10301,'JUMBILLA','JUMBILLA',3,10300),(10302,'CHISQUILLA','CHISQUILLA',2,10300),(10303,'CHURUJA','CHURUJA',3,10300),(10304,'COROSHA','COROSHA',2,10300),(10305,'CUISPES','CUISPES',3,10300),(10306,'FLORIDA','FLORIDA',3,10300),(10307,'JAZAN','PEDRO RUIZ GALLO',3,10300),(10308,'RECTA','RECTA',3,10300),(10309,'SAN CARLOS','SAN CARLOS',3,10300),(10310,'SHIPASBAMBA','SHIPASBAMBA',3,10300),(10311,'VALERA','VALERA',3,10300),(10312,'YAMBRASBAMBA','YAMBRASBAMBA',3,10300),(10401,'NIEVA','SANTA MARIA DE NIEVA',4,10400),(10402,'EL CENEPA','HUAMPAMI',4,10400),(10403,'RIO SANTIAGO','PUERTO GALILEA',4,10400),(10501,'LAMUD','LAMUD',2,10500),(10502,'CAMPORREDONDO','CAMPORREDONDO',3,10500),(10503,'COCABAMBA','COCABAMBA',3,10500),(10504,'COLCAMAR','COLCAMAR',2,10500),(10505,'CONILA','COHECHAN',2,10500),(10506,'INGUILPATA','INGUILPATA',2,10500),(10507,'LONGUITA','LONGUITA',2,10500),(10508,'LONYA CHICO','LONYA CHICO',2,10500),(10509,'LUYA','LUYA',2,10500),(10510,'LUYA VIEJO','LUYA VIEJO',2,10500),(10511,'MARIA','MARIA',2,10500),(10512,'OCALLI','OCALLI',2,10500),(10513,'OCUMAL','COLLONCE',3,10500),(10514,'PISUQUIA','YOMBLON',2,10500),(10515,'PROVIDENCIA','PROVIDENCIA',3,10500),(10516,'SAN CRISTOBAL','OLTO',2,10500),(10517,'SAN FRANCISCO DEL YESO','SAN FRANCISCO DEL YESO',2,10500),(10518,'SAN JERONIMO','PACLAS',3,10500),(10519,'SAN JUAN DE LOPECANCHA','SAN JUAN DE LOPECANCHA',2,10500),(10520,'SANTA CATALINA','SANTA CATALINA',2,10500),(10521,'SANTO TOMAS','SANTO TOMAS',2,10500),(10522,'TINGO','TINGO',3,10500),(10523,'TRITA','TRITA',2,10500),(10601,'SAN NICOLAS','MENDOZA',3,10600),(10602,'CHIRIMOTO','CHIRIMOTO',3,10600),(10603,'COCHAMAL','COCHAMAL',3,10600),(10604,'HUAMBO','HUAMBO',3,10600),(10605,'LIMABAMBA','LIMABAMBA',3,10600),(10606,'LONGAR','LONGAR',3,10600),(10607,'MARISCAL BENAVIDES','MARISCAL BENAVIDES',3,10600),(10608,'MILPUC','MILPUC',3,10600),(10609,'OMIA','OMIA',3,10600),(10610,'SANTA ROSA','SANTA ROSA DE HUAYABAMBA',3,10600),(10611,'TOTORA','TOTORA',3,10600),(10612,'VISTA ALEGRE','VISTA ALEGRE',3,10600),(10701,'BAGUA GRANDE','BAGUA GRANDE',3,10700),(10702,'CAJARURO','CAJARURO',3,10700),(10703,'CUMBA','CUMBA',3,10700),(10704,'EL MILAGRO','EL MILAGRO',4,10700),(10705,'JAMALCA','JAMALCA',3,10700),(10706,'LONYA GRANDE','LONYA GRANDE',3,10700),(10707,'YAMON','YAMON',3,10700),(20101,'HUARAZ','HUARAZ',2,20100),(20102,'COCHABAMBA','COCHABAMBA',2,20100),(20103,'COLCABAMBA','COLCABAMBA',2,20100),(20104,'HUANCHAY','HUANCHAY',2,20100),(20105,'INDEPENDENCIA','CENTENARIO',2,20100),(20106,'JANGAS','JANGAS',2,20100),(20107,'LA LIBERTAD','CAJAMARQUILLA',2,20100),(20108,'OLLEROS','OLLEROS',2,20100),(20109,'PAMPAS','PAMPAS',2,20100),(20110,'PARIACOTO','PARIACOTO',2,20100),(20111,'PIRA','PIRA',2,20100),(20112,'TARICA','TARICA',2,20100),(20201,'AIJA','AIJA',2,20200),(20202,'CORIS','CORIS',2,20200),(20203,'HUACLLAN','HUACLLAN',2,20200),(20204,'LA MERCED','LA MERCED',2,20200),(20205,'SUCCHA','SUCCHA',2,20200),(20301,'LLAMELLIN','LLAMELLIN',2,20300),(20302,'ACZO','ACZO',2,20300),(20303,'CHACCHO','CHACCHO',2,20300),(20304,'CHINGAS','CHINGAS',2,20300),(20305,'MIRGAS','MIRGAS',2,20300),(20306,'SAN JUAN DE RONTOY','SAN JUAN DE RONTOY',2,20300),(20401,'CHACAS','CHACAS',2,20400),(20402,'ACOCHACA','ACOCHACA',2,20400),(20501,'CHIQUIAN','CHIQUIAN',2,20500),(20502,'ABELARDO PARDO LEZAMETA','LLACLLA',2,20500),(20503,'ANTONIO RAYMONDI','RAQUIA',2,20500),(20504,'AQUIA','AQUIA',2,20500),(20505,'CAJACAY','CAJACAY',2,20500),(20506,'CANIS','CANIS',2,20500),(20507,'COLQUIOC','CHASQUITAMBO',1,20500),(20508,'HUALLANCA','HUALLANCA',2,20500),(20509,'HUASTA','HUASTA',2,20500),(20510,'HUAYLLACAYAN','HUAYLLACAYAN',2,20500),(20511,'LA PRIMAVERA','GORGORILLO',2,20500),(20512,'MANGAS','MANGAS',2,20500),(20513,'PACLLON','PACLLON',2,20500),(20514,'SAN MIGUEL DE CORPANQUI','CORPANQUI',2,20500),(20515,'TICLLOS','TICLLOS',2,20500),(20601,'CARHUAZ','CARHUAZ',2,20600),(20602,'ACOPAMPA','ACOPAMPA',2,20600),(20603,'AMASHCA','AMASHCA',2,20600),(20604,'ANTA','ANTA',2,20600),(20605,'ATAQUERO','CARHUAC',2,20600),(20606,'MARCARA','MARCARA',2,20600),(20607,'PARIAHUANCA','PARIAHUANCA',2,20600),(20608,'SAN MIGUEL DE ACO','ACO',2,20600),(20609,'SHILLA','SHILLA',2,20600),(20610,'TINCO','TINCO',2,20600),(20611,'YUNGAR','YUNGAR',2,20600),(20701,'SAN LUIS','SAN LUIS',2,20700),(20702,'SAN NICOLAS','SAN NICOLAS',2,20700),(20703,'YAUYA','YAUYA',2,20700),(20801,'CASMA','CASMA',1,20800),(20802,'BUENA VISTA ALTA','BUENA VISTA ALTA',1,20800),(20803,'COMANDANTE NOEL','PUERTO CASMA',1,20800),(20804,'YAUTAN','YAUTAN',1,20800),(20901,'CORONGO','CORONGO',2,20900),(20902,'ACO','ACO',2,20900),(20903,'BAMBAS','BAMBAS',2,20900),(20904,'CUSCA','CUSCA',2,20900),(20905,'LA PAMPA','LA PAMPA',2,20900),(20906,'YANAC','YANAC',2,20900),(20907,'YUPAN','YUPAN',2,20900),(21001,'HUARI','HUARI',2,21000),(21002,'ANRA','ANRA',2,21000),(21003,'CAJAY','CAJAY',2,21000),(21004,'CHAVIN DE HUANTAR','CHAVIN DE HUANTAR',2,21000),(21005,'HUACACHI','HUACACHI',2,21000),(21006,'HUACCHIS','HUACCHIS',2,21000),(21007,'HUACHIS','HUACHIS',2,21000),(21008,'HUANTAR','HUANTAR',2,21000),(21009,'MASIN','MASIN',2,21000),(21010,'PAUCAS','PAUCAS',2,21000),(21011,'PONTO','PONTO',2,21000),(21012,'RAHUAPAMPA','RAHUAPAMPA',2,21000),(21013,'RAPAYAN','RAPAYAN',2,21000),(21014,'SAN MARCOS','SAN MARCOS',2,21000),(21015,'SAN PEDRO DE CHANA','CHANA',2,21000),(21016,'UCO','UCO',2,21000),(21101,'HUARMEY','HUARMEY',1,21100),(21102,'COCHAPETI','COCHAPETI',2,21100),(21103,'CULEBRAS','LA CALETA CULEBRAS',1,21100),(21104,'HUAYAN','HUAYAN',2,21100),(21105,'MALVAS','MALVAS',2,21100),(21201,'CARAZ','CARAZ',2,21200),(21202,'HUALLANCA','HUALLANCA',1,21200),(21203,'HUATA','HUATA',2,21200),(21204,'HUAYLAS','HUAYLAS',2,21200),(21205,'MATO','SUCRE',2,21200),(21206,'PAMPAROMAS','PAMPAROMAS',2,21200),(21207,'PUEBLO LIBRE','PUEBLO LIBRE',2,21200),(21208,'SANTA CRUZ','HUARIPAMPA',2,21200),(21209,'SANTO TORIBIO','SANTO TORIBIO',2,21200),(21210,'YURACMARCA','YURACMARCA',2,21200),(21301,'PISCOBAMBA','PISCOBAMBA',2,21300),(21302,'CASCA','CASCA',2,21300),(21303,'ELEAZAR GUZMAN BARRON','PAMPACHACRA',2,21300),(21304,'FIDEL OLIVAS ESCUDERO','SANACHGAN',2,21300),(21305,'LLAMA','LLAMA',2,21300),(21306,'LLUMPA','LLUMPA',2,21300),(21307,'LUCMA','LUCMA',2,21300),(21308,'MUSGA','MUSGA',2,21300),(21401,'OCROS','OCROS',2,21400),(21402,'ACAS','ACAS',2,21400),(21403,'CAJAMARQUILLA','CAJAMARQUILLA',2,21400),(21404,'CARHUAPAMPA','ACO',2,21400),(21405,'COCHAS','HUANCHAY',1,21400),(21406,'CONGAS','CONGAS',2,21400),(21407,'LLIPA','LLIPA',2,21400),(21408,'SAN CRISTOBAL DE RAJAN','RAJAN',2,21400),(21409,'SAN PEDRO','COPA',1,21400),(21410,'SANTIAGO DE CHILCAS','SANTIAGO DE CHILCAS',2,21400),(21501,'CABANA','CABANA',2,21500),(21502,'BOLOGNESI','BOLOGNESI',2,21500),(21503,'CONCHUCOS','CONCHUCOS',2,21500),(21504,'HUACASCHUQUE','HUACASCHUQUE',2,21500),(21505,'HUANDOVAL','HUANDOVAL',2,21500),(21506,'LACABAMBA','LACABAMBA',2,21500),(21507,'LLAPO','LLAPO',2,21500),(21508,'PALLASCA','PALLASCA',2,21500),(21509,'PAMPAS','PAMPAS',2,21500),(21510,'SANTA ROSA','SANTA ROSA',2,21500),(21511,'TAUCA','TAUCA',2,21500),(21601,'POMABAMBA','POMABAMBA',2,21600),(21602,'HUAYLLAN','HUAYLLAN',2,21600),(21603,'PAROBAMBA','PAROBAMBA',2,21600),(21604,'QUINUABAMBA','QUINUABAMBA',2,21600),(21701,'RECUAY','RECUAY',2,21700),(21702,'CATAC','CATAC',2,21700),(21703,'COTAPARACO','COTAPARACO',2,21700),(21704,'HUAYLLAPAMPA','HUAYLLAPAMPA',2,21700),(21705,'LLACLLIN','LLACLLIN',2,21700),(21706,'MARCA','MARCA',2,21700),(21707,'PAMPAS CHICO','PAMPAS CHICO',2,21700),(21708,'PARARIN','PARARIN',2,21700),(21709,'TAPACOCHA','TAPACOCHA',2,21700),(21710,'TICAPAMPA','TICAPAMPA',2,21700),(21801,'CHIMBOTE','CHIMBOTE',1,21800),(21802,'CACERES DEL PERU','JIMBE',2,21800),(21803,'COISHCO','COISHCO',1,21800),(21804,'MACATE','MACATE',2,21800),(21805,'MORO','MORO',1,21800),(21806,'NEPE','NEPE',1,21800),(21807,'SAMANCO','SAMANCO',1,21800),(21808,'SANTA','SANTA',1,21800),(21809,'NUEVO CHIMBOTE','BUENOS AIRES',1,21800),(21901,'SIHUAS','SIHUAS',2,21900),(21902,'ACOBAMBA','ACOBAMBA',2,21900),(21903,'ALFONSO UGARTE','ULLULLUCO',2,21900),(21904,'CASHAPAMPA','CASHAPAMPA',2,21900),(21905,'CHINGALPO','CHINGALPO',2,21900),(21906,'HUAYLLABAMBA','HUAYLLABAMBA',2,21900),(21907,'QUICHES','QUICHES',2,21900),(21908,'RAGASH','RAGASH',2,21900),(21909,'SAN JUAN','CHULLIN',2,21900),(21910,'SICSIBAMBA','UMBE',2,21900),(22001,'YUNGAY','YUNGAY',2,22000),(22002,'CASCAPARA','CASCAPARA',2,22000),(22003,'MANCOS','MANCOS',2,22000),(22004,'MATACOTO','MATACOTO',2,22000),(22005,'QUILLO','QUILLO',2,22000),(22006,'RANRAHIRCA','RANRAHIRCA',2,22000),(22007,'SHUPLUY','SHUPLUY',2,22000),(22008,'YANAMA','YANAMA',2,22000),(30101,'ABANCAY','ABANCAY',2,30100),(30102,'CHACOCHE','CHACOCHE',2,30100),(30103,'CIRCA','CIRCA',2,30100),(30104,'CURAHUASI','CURAHUASI',2,30100),(30105,'HUANIPACA','HUANIPACA',2,30100),(30106,'LAMBRAMA','LAMBRAMA',2,30100),(30107,'PICHIRHUA','PICHIRHUA',2,30100),(30108,'SAN PEDRO DE CACHORA','CACHORA',2,30100),(30109,'TAMBURCO','TAMBURCO',2,30100),(30201,'ANDAHUAYLAS','ANDAHUAYLAS',2,30200),(30202,'ANDARAPA','ANDARAPA',2,30200),(30203,'CHIARA','CHIARA',2,30200),(30204,'HUANCARAMA','HUANCARAMA',2,30200),(30205,'HUANCARAY','HUANCARAY',2,30200),(30206,'HUAYANA','HUAYANA',2,30200),(30207,'KISHUARA','KISHUARA',2,30200),(30208,'PACOBAMBA','PACOBAMBA',2,30200),(30209,'PACUCHA','PACUCHA',2,30200),(30210,'PAMPACHIRI','PAMPACHIRI',2,30200),(30211,'POMACOCHA','POMACOCHA',2,30200),(30212,'SAN ANTONIO DE CACHI','SAN ANTONIO DE CACHI',2,30200),(30213,'SAN JERONIMO','SAN JERONIMO',2,30200),(30214,'SAN MIGUEL DE CHACCRAMPA','CHACCRAMPA',2,30200),(30215,'SANTA MARIA DE CHICMO','SANTA MARIA DE CHICMO',2,30200),(30216,'TALAVERA','TALAVERA',2,30200),(30217,'TUMAY HUARACA','UMAMARCA',2,30200),(30218,'TURPO','TURPO',2,30200),(30219,'KAQUIABAMBA','KAQUIABAMBA',2,30200),(30301,'ANTABAMBA','ANTABAMBA',2,30300),(30302,'EL ORO','AYAHUAY',2,30300),(30303,'HUAQUIRCA','HUAQUIRCA',2,30300),(30304,'JUAN ESPINOZA MEDRANO','MOLLEBAMBA',2,30300),(30305,'OROPESA','OROPESA',2,30300),(30306,'PACHACONAS','PACHACONAS',2,30300),(30307,'SABAINO','SABAINO',2,30300),(30401,'CHALHUANCA','CHALHUANCA',2,30400),(30402,'CAPAYA','CAPAYA',2,30400),(30403,'CARAYBAMBA','CARAYBAMBA',2,30400),(30404,'CHAPIMARCA','CHAPIMARCA',2,30400),(30405,'COLCABAMBA','COLCABAMBA',2,30400),(30406,'COTARUSE','COTARUSE',2,30400),(30407,'HUAYLLO','HUAYLLO',2,30400),(30408,'JUSTO APU SAHUARAURA','PICHIHUA',2,30400),(30409,'LUCRE','LUCRE',2,30400),(30410,'POCOHUANCA','POCOHUANCA',2,30400),(30411,'SAN JUAN DE CHAC','SAN JUAN DE CHAC',2,30400),(30412,'SA','SA',2,30400),(30413,'SORAYA','SORAYA',2,30400),(30414,'TAPAIRIHUA','TAPAIRIHUA',2,30400),(30415,'TINTAY','TINTAY',2,30400),(30416,'TORAYA','TORAYA',2,30400),(30417,'YANACA','YANACA',2,30400),(30501,'TAMBOBAMBA','TAMBOBAMBA',2,30500),(30502,'COTABAMBAS','COTABAMBAS',2,30500),(30503,'COYLLURQUI','COYLLURQUI',2,30500),(30504,'HAQUIRA','HAQUIRA',2,30500),(30505,'MARA','MARA',2,30500),(30506,'CHALLHUAHUACHO','CHALLHUAHUACHO',2,30500),(30601,'CHINCHEROS','CHINCHEROS',2,30600),(30602,'ANCO','URIPA',2,30600),(30603,'COCHARCAS','COCHARCAS',2,30600),(30604,'HUACCANA','HUACCANA',2,30600),(30605,'OCOBAMBA','OCOBAMBA',2,30600),(30606,'ONGOY','ONGOY',2,30600),(30607,'URANMARCA','URANMARCA',2,30600),(30608,'RANRACANCHA','RANRACANCHA',2,30600),(30701,'CHUQUIBAMBILLA','CHUQUIBAMBILLA',2,30700),(30702,'CURPAHUASI','CURPAHUASI',2,30700),(30703,'GAMARRA','PALPACACHI',2,30700),(30704,'HUAYLLATI','HUAYLLATI',2,30700),(30705,'MAMARA','MAMARA',2,30700),(30706,'MICAELA BASTIDAS','AYRIHUANCA',2,30700),(30707,'PATAYPAMPA','PATAYPAMPA',2,30700),(30708,'PROGRESO','PROGRESO',2,30700),(30709,'SAN ANTONIO','SAN ANTONIO',2,30700),(30710,'SANTA ROSA','SANTA ROSA',2,30700),(30711,'TURPAY','TURPAY',2,30700),(30712,'VILCABAMBA','VILCABAMBA',2,30700),(30713,'VIRUNDO','SAN JUAN DE VIRUNDO',2,30700),(30714,'CURASCO','CURASCO',2,30700),(40101,'AREQUIPA','AREQUIPA',2,40100),(40102,'ALTO SELVA ALEGRE','SELVA ALEGRE',2,40100),(40103,'CAYMA','CAYMA',2,40100),(40104,'CERRO COLORADO','LA LIBERTAD',2,40100),(40105,'CHARACATO','CHARACATO',2,40100),(40106,'CHIGUATA','CHIGUATA',2,40100),(40107,'JACOBO HUNTER','JACOBO HUNTER',2,40100),(40108,'LA JOYA','LA JOYA',1,40100),(40109,'MARIANO MELGAR','MARIANO MELGAR',2,40100),(40110,'MIRAFLORES','MIRAFLORES',2,40100),(40111,'MOLLEBAYA','MOLLEBAYA',2,40100),(40112,'PAUCARPATA','PAUCARPATA',2,40100),(40113,'POCSI','POCSI',2,40100),(40114,'POLOBAYA','POLOBAYA GRANDE',2,40100),(40115,'QUEQUE','QUEQUE',2,40100),(40116,'SABANDIA','SABANDIA',2,40100),(40117,'SACHACA','SACHACA',2,40100),(40118,'SAN JUAN DE SIGUAS','SAN JUAN DE SIGUAS',1,40100),(40119,'SAN JUAN DE TARUCANI','TARUCANI',2,40100),(40120,'SANTA ISABEL DE SIGUAS','SANTA ISABEL DE SIGUAS',1,40100),(40121,'SANTA RITA DE SIGUAS','SANTA RITA DE SIGUAS',1,40100),(40122,'SOCABAYA','SOCABAYA',2,40100),(40123,'TIABAYA','TIABAYA',2,40100),(40124,'UCHUMAYO','UCHUMAYO',2,40100),(40125,'VITOR   1/','VITOR',1,40100),(40126,'YANAHUARA','YANAHUARA',2,40100),(40127,'YARABAMBA','YARABAMBA',2,40100),(40128,'YURA','YURA',2,40100),(40129,'JOSE LUIS BUSTAMANTE Y RIVE','CIUDAD SATELITE',2,40100),(40201,'CAMANA','CAMANA',1,40200),(40202,'JOSE MARIA QUIMPER','EL CARDO',1,40200),(40203,'MARIANO NICOLAS VALCARCEL','URASQUI',1,40200),(40204,'MARISCAL CACERES','SAN JOSE',1,40200),(40205,'NICOLAS DE PIEROLA','SAN GREGORIO',1,40200),(40206,'OCO','OCO',1,40200),(40207,'QUILCA','QUILCA',1,40200),(40208,'SAMUEL PASTOR','LA PAMPA',1,40200),(40301,'CARAVELI','CARAVELI',1,40300),(40302,'ACARI','ACARI',1,40300),(40303,'ATICO','ATICO',1,40300),(40304,'ATIQUIPA','ATIQUIPA',1,40300),(40305,'BELLA UNION','BELLA UNION',1,40300),(40306,'CAHUACHO','CAHUACHO',2,40300),(40307,'CHALA','CHALA',1,40300),(40308,'CHAPARRA','ACHANIZO',1,40300),(40309,'HUANUHUANU','TOCOTA',1,40300),(40310,'JAQUI','JAQUI',1,40300),(40311,'LOMAS','LOMAS',1,40300),(40312,'QUICACHA','QUICACHA',1,40300),(40313,'YAUCA','YAUCA',1,40300),(40401,'APLAO','APLAO',1,40400),(40402,'ANDAGUA','ANDAGUA',2,40400),(40403,'AYO','AYO',2,40400),(40404,'CHACHAS','CHACHAS',2,40400),(40405,'CHILCAYMARCA','CHILCAYMARCA',2,40400),(40406,'CHOCO','CHOCO',2,40400),(40407,'HUANCARQUI','HUANCARQUI',1,40400),(40408,'MACHAGUAY','MACHAGUAY',2,40400),(40409,'ORCOPAMPA','ORCOPAMPA',2,40400),(40410,'PAMPACOLCA','PAMPACOLCA',2,40400),(40411,'TIPAN','TIPAN',2,40400),(40412,'U','U',2,40400),(40413,'URACA','CORIRI',1,40400),(40414,'VIRACO','VIRACO',2,40400),(40501,'CHIVAY','CHIVAY',2,40500),(40502,'ACHOMA','ACHOMA',2,40500),(40503,'CABANACONDE','CABANACONDE',2,40500),(40504,'CALLALLI','CALLALLI',2,40500),(40505,'CAYLLOMA','CAYLLOMA',2,40500),(40506,'COPORAQUE','COPORAQUE',2,40500),(40507,'HUAMBO','HUAMBO',2,40500),(40508,'HUANCA','HUANCA',2,40500),(40509,'ICHUPAMPA','ICHUPAMPA',2,40500),(40510,'LARI','LARI',2,40500),(40511,'LLUTA','LLUTA',2,40500),(40512,'MACA','MACA',2,40500),(40513,'MADRIGAL','MADRIGAL',2,40500),(40514,'SAN ANTONIO DE CHUCA  2/','SAN ANTONIO DE CHUCA',2,40500),(40515,'SIBAYO','SIBAYO',2,40500),(40516,'TAPAY','TAPAY',2,40500),(40517,'TISCO','TISCO',2,40500),(40518,'TUTI','TUTI',2,40500),(40519,'YANQUE','YANQUE',2,40500),(40601,'CHUQUIBAMBA','CHUQUIBAMBA',2,40600),(40602,'ANDARAY','ANDARAY',2,40600),(40603,'CAYARANI','CAYARANI',2,40600),(40604,'CHICHAS','CHICHAS',2,40600),(40605,'IRAY','IRAY',2,40600),(40606,'RIO GRANDE','IQUIPI',1,40600),(40607,'SALAMANCA','SALAMANCA',2,40600),(40608,'YANAQUIHUA','YANAQUIHUA',2,40600),(40701,'MOLLENDO','MOLLENDO',1,40700),(40702,'COCACHACRA','COCACHACRA',1,40700),(40703,'DEAN VALDIVIA','LA CURVA',1,40700),(40704,'ISLAY','ISLAY',1,40700),(40705,'MEJIA','MEJIA',1,40700),(40706,'PUNTA DE BOMBON','PUNTA DE BOMBON',1,40700),(40801,'COTAHUASI','COTAHUASI',2,40800),(40802,'ALCA','ALCA',2,40800),(40803,'CHARCANA','CHARCANA',2,40800),(40804,'HUAYNACOTAS','TAURISMA',2,40800),(40805,'PAMPAMARCA','MUNGUI',2,40800),(40806,'PUYCA','PUYCA',2,40800),(40807,'QUECHUALLA','VELINGA',2,40800),(40808,'SAYLA','SAYLA',2,40800),(40809,'TAURIA','TAURIA',2,40800),(40810,'TOMEPAMPA','TOMEPAMPA',2,40800),(40811,'TORO','TORO',2,40800),(50101,'AYACUCHO','AYACUCHO',2,50100),(50102,'ACOCRO','ACOCRO',2,50100),(50103,'ACOS VINCHOS','ACOS VINCHOS',2,50100),(50104,'CARMEN ALTO','CARMEN ALTO',2,50100),(50105,'CHIARA','CHIARA',2,50100),(50106,'OCROS','OCROS',2,50100),(50107,'PACAYCASA','PACAYCASA',2,50100),(50108,'QUINUA','QUINUA',2,50100),(50109,'SAN JOSE DE TICLLAS','TICLLAS',2,50100),(50110,'SAN JUAN BAUTISTA','SAN JUAN BAUTISTA',2,50100),(50111,'SANTIAGO DE PISCHA','SAN PEDRO DE CACHI',2,50100),(50112,'SOCOS','SOCOS',2,50100),(50113,'TAMBILLO','TAMBILLO',2,50100),(50114,'VINCHOS','VINCHOS',2,50100),(50201,'CANGALLO','CANGALLO',2,50200),(50202,'CHUSCHI','CHUSCHI',2,50200),(50203,'LOS MOROCHUCOS','PAMPA',2,50200),(50204,'MARIA PARADO DE BELLIDO','POMABAMBA',2,50200),(50205,'PARAS','PARAS',2,50200),(50206,'TOTOS','TOTOS',2,50200),(50301,'SANCOS','HUANCA SANCOS',2,50300),(50302,'CARAPO','CARAPO',2,50300),(50303,'SACSAMARCA','SACSAMARCA',2,50300),(50304,'SANTIAGO DE LUCANAMARCA','SANTIAGO DE LUCANAMARCA',2,50300),(50401,'HUANTA','HUANTA',2,50400),(50402,'AYAHUANCO','AYAHUANCO',2,50400),(50403,'HUAMANGUILLA','HUAMANGUILLA',2,50400),(50404,'IGUAIN','MACACHACRA',2,50400),(50405,'LURICOCHA','LURICOCHA',2,50400),(50406,'SANTILLANA','SAN JOSE DE SECCE',2,50400),(50407,'SIVIA','SIVIA',4,50400),(50501,'SAN MIGUEL','SAN MIGUEL',2,50500),(50502,'ANCO','CHIQUINTIRCA',2,50500),(50503,'AYNA','SAN FRANCISCO',3,50500),(50504,'CHILCAS','CHILCAS',2,50500),(50505,'CHUNGUI','CHUNGUI',2,50500),(50506,'LUIS CARRANZA','PAMPAS',2,50500),(50507,'SANTA ROSA','SANTA ROSA',4,50500),(50508,'TAMBO','TAMBO',2,50500),(50601,'PUQUIO','PUQUIO',2,50600),(50602,'AUCARA','AUCARA',2,50600),(50603,'CABANA','CABANA',2,50600),(50604,'CARMEN SALCEDO','ANDAMARCA',2,50600),(50605,'CHAVI','CHAVI',2,50600),(50606,'CHIPAO','CHIPAO',2,50600),(50607,'HUAC','HUAC',2,50600),(50608,'LARAMATE','LARAMATE',2,50600),(50609,'LEONCIO PRADO','TAMBO QUEMADO',2,50600),(50610,'LLAUTA','LLAUTA',2,50600),(50611,'LUCANAS','LUCANAS',2,50600),(50612,'OCA','OCA',2,50600),(50613,'OTOCA','OTOCA',2,50600),(50614,'SAISA','SAISA',2,50600),(50615,'SAN CRISTOBAL','SAN CRISTOBAL',2,50600),(50616,'SAN JUAN','SAN JUAN',2,50600),(50617,'SAN PEDRO','SAN PEDRO',2,50600),(50618,'SAN PEDRO DE PALCO','SAN PEDRO DE PALCO',2,50600),(50619,'SANCOS','SANCOS',2,50600),(50620,'SANTA ANA DE HUAYCAHUACHO','SANTA ANA DE HUAYCAHUACHO',2,50600),(50621,'SANTA LUCIA','SANTA LUCIA',2,50600),(50701,'CORACORA','CORACORA',2,50700),(50702,'CHUMPI','CHUMPI',2,50700),(50703,'CORONEL CASTA','ANISO',2,50700),(50704,'PACAPAUSA','PACAPAUSA',2,50700),(50705,'PULLO','PULLO',2,50700),(50706,'PUYUSCA','INCUYO',2,50700),(50707,'SAN FRANCISCO DE RAVACAYCO','SAN FRANCISCO DE RAVACAYC',2,50700),(50708,'UPAHUACHO','UPAHUACHO',2,50700),(50801,'PAUSA','PAUSA',2,50800),(50802,'COLTA','COLTA',2,50800),(50803,'CORCULLA','CORCULLA',2,50800),(50804,'LAMPA','LAMPA',2,50800),(50805,'MARCABAMBA','MARCABAMBA',2,50800),(50806,'OYOLO','OYOLO',2,50800),(50807,'PARARCA','PARARCA',2,50800),(50808,'SAN JAVIER DE ALPABAMBA','SAN JAVIER DE ALPABAMBA',2,50800),(50809,'SAN JOSE DE USHUA','SAN JOSE DE USHUA',2,50800),(50810,'SARA SARA','QUILCATA',2,50800),(50901,'QUEROBAMBA','QUEROBAMBA',2,50900),(50902,'BELEN','BELEN',2,50900),(50903,'CHALCOS','CHALCOS',2,50900),(50904,'CHILCAYOC','CHILCAYOC',2,50900),(50905,'HUACA','HUACA',2,50900),(50906,'MORCOLLA','MORCOLLA',2,50900),(50907,'PAICO','PAICO',2,50900),(50908,'SAN PEDRO DE LARCAY','SAN PEDRO DE LARCAY',2,50900),(50909,'SAN SALVADOR DE QUIJE','SAN SALVADOR DE QUIJE',2,50900),(50910,'SANTIAGO DE PAUCARAY','SANTIAGO DE PAUCARAY',2,50900),(50911,'SORAS','SORAS',2,50900),(51001,'HUANCAPI','HUANCAPI',2,51000),(51002,'ALCAMENCA','ALCAMENCA',2,51000),(51003,'APONGO','APONGO',2,51000),(51004,'ASQUIPATA','ASQUIPATA',2,51000),(51005,'CANARIA','CANARIA',2,51000),(51006,'CAYARA','CAYARA',2,51000),(51007,'COLCA','COLCA',2,51000),(51008,'HUAMANQUIQUIA','HUAMANQUIQUIA',2,51000),(51009,'HUANCARAYLLA','HUANCARAYLLA',2,51000),(51010,'HUAYA','SAN PEDRO DE HUAYA',2,51000),(51011,'SARHUA','SARHUA',2,51000),(51012,'VILCANCHOS','VILCANCHOS',2,51000),(51101,'VILCAS HUAMAN','VILCAS HUAMAN',2,51100),(51102,'ACCOMARCA','ACCOMARCA',2,51100),(51103,'CARHUANCA','CARHUANCA',2,51100),(51104,'CONCEPCION','CONCEPCION',2,51100),(51105,'HUAMBALPA','HUAMBALPA',2,51100),(51106,'INDEPENDENCIA','PACCHA HUALLHUA',2,51100),(51107,'SAURAMA','SAURAMA',2,51100),(51108,'VISCHONGO','VISCHONGO',2,51100),(60101,'CAJAMARCA','CAJAMARCA',2,60100),(60102,'ASUNCION','ASUNCION',2,60100),(60103,'CHETILLA','CHETILLA',2,60100),(60104,'COSPAN','COSPAN',2,60100),(60105,'ENCA','ENCA',2,60100),(60106,'JESUS','JESUS',2,60100),(60107,'LLACANORA','LLACANORA',2,60100),(60108,'LOS BA','LOS BA',2,60100),(60109,'MAGDALENA','MAGDALENA',2,60100),(60110,'MATARA','MATARA',2,60100),(60111,'NAMORA','NAMORA',2,60100),(60112,'SAN JUAN','SAN JUAN',2,60100),(60201,'CAJABAMBA','CAJABAMBA',2,60200),(60202,'CACHACHI','CACHACHI',2,60200),(60203,'CONDEBAMBA','CAUDAY',2,60200),(60204,'SITACOCHA','LLUCHUBAMBA',2,60200),(60301,'CELENDIN','CELENDIN',2,60300),(60302,'CHUMUCH','CHUMUCH',2,60300),(60303,'CORTEGANA','CHIMUCH',2,60300),(60304,'HUASMIN','HUASMIN',2,60300),(60305,'JORGE CHAVEZ','LUCMAPAMPA',2,60300),(60306,'JOSE GALVEZ','HUACAPAMPA',2,60300),(60307,'MIGUEL IGLESIAS','CHALAN',2,60300),(60308,'OXAMARCA','OXAMARCA',2,60300),(60309,'SOROCHUCO','SOROCHUCO',2,60300),(60310,'SUCRE','SUCRE',2,60300),(60311,'UTCO','UTCO',2,60300),(60312,'LA LIBERTAD DE PALLAN','LA LIBERTAD DE PALLAN',2,60300),(60401,'CHOTA','CHOTA',2,60400),(60402,'ANGUIA','ANGUIA',2,60400),(60403,'CHADIN','CHADIN',2,60400),(60404,'CHIGUIRIP','CHIGUIRIP',2,60400),(60405,'CHIMBAN','CHIMBAN',3,60400),(60406,'CHOROPAMPA','CHOROPAMPA',3,60400),(60407,'COCHABAMBA','COCHABAMBA',2,60400),(60408,'CONCHAN','CONCHAN',2,60400),(60409,'HUAMBOS','HUAMBOS',2,60400),(60410,'LAJAS','LAJAS',2,60400),(60411,'LLAMA','LLAMA',1,60400),(60412,'MIRACOSTA','MIRACOSTA',2,60400),(60413,'PACCHA','PACCHA',2,60400),(60414,'PION','PION',3,60400),(60415,'QUEROCOTO','QUEROCOTO',2,60400),(60416,'SAN JUAN DE LICUPIS','LICUPIS',2,60400),(60417,'TACABAMBA','TACABAMBA',2,60400),(60418,'TOCMOCHE','TOCMOCHE',2,60400),(60419,'CHALAMARCA','CHALAMARCA',2,60400),(60501,'CONTUMAZA','CONTUMAZA',2,60500),(60502,'CHILETE','CHILETE',1,60500),(60503,'CUPISNIQUE','TRINIDAD',2,60500),(60504,'GUZMANGO','GUZMANGO',2,60500),(60505,'SAN BENITO','SAN BENITO',1,60500),(60506,'SANTA CRUZ DE TOLED','SANTA CRUZ DE TOLED',2,60500),(60507,'TANTARICA','CATAN',2,60500),(60508,'YONAN','TEMBLADERA',1,60500),(60601,'CUTERVO','CUTERVO',2,60600),(60602,'CALLAYUC','CALLAYUC',3,60600),(60603,'CHOROS','CHOROS',3,60600),(60604,'CUJILLO','CUJILLO',3,60600),(60605,'LA RAMADA','LA RAMADA',3,60600),(60606,'PIMPINGOS','PIMPINGOS',3,60600),(60607,'QUEROCOTILLO','QUEROCOTILLO',3,60600),(60608,'SAN ANDRES DE CUTERVO','SAN ANDRES DE CUTERVO',2,60600),(60609,'SAN JUAN DE CUTERVO','SAN JUAN DE CUTERVO',2,60600),(60610,'SAN LUIS DE LUCMA','SAN LUIS DE LUCMA',2,60600),(60611,'SANTA CRUZ','SANTA CRUZ',3,60600),(60612,'SANTO DOMINGO DE LA CAPILLA','SANTO DOMINGO DE LA CAPIL',3,60600),(60613,'SANTO TOMAS','SANTO TOMAS',2,60600),(60614,'SOCOTA','SOCOTA',2,60600),(60615,'TORIBIO CASANOVA','LA SACILIA',3,60600),(60701,'BAMBAMARCA','BAMBAMARCA',2,60700),(60702,'CHUGUR','CHUGUR',2,60700),(60703,'HUALGAYOC','HUALGAYOC',2,60700),(60801,'JAEN','JAEN',3,60800),(60802,'BELLAVISTA','BELLAVISTA',3,60800),(60803,'CHONTALI','CHONTALI',3,60800),(60804,'COLASAY','COLASAY',3,60800),(60805,'HUABAL','HUABAL',3,60800),(60806,'LAS PIRIAS','LAS PIRIAS',3,60800),(60807,'POMAHUACA','POMAHUACA',3,60800),(60808,'PUCARA','PUCARA',3,60800),(60809,'SALLIQUE','SALLIQUE',2,60800),(60810,'SAN FELIPE','SAN FELIPE',3,60800),(60811,'SAN JOSE DEL ALTO','SAN JOSE DEL ALTO',3,60800),(60812,'SANTA ROSA','SANTA ROSA',3,60800),(60901,'SAN IGNACIO','SAN IGNACIO',3,60900),(60902,'CHIRINOS','CHIRINOS',3,60900),(60903,'HUARANGO','HUARANGO',3,60900),(60904,'LA COIPA','LA COIPA',3,60900),(60905,'NAMBALLE','NAMBALLE',3,60900),(60906,'SAN JOSE DE LOURDES','SAN JOSE DE LOURDES',2,60900),(60907,'TABACONAS','TABACONAS',3,60900),(61001,'PEDRO GALVEZ','SAN MARCOS',2,61000),(61002,'CHANCAY','CHANCAY',2,61000),(61003,'EDUARDO VILLANUEVA','LA GRAMA',2,61000),(61004,'GREGORIO PITA','PAUCAMARCA',2,61000),(61005,'ICHOCAN','ICHOCAN',2,61000),(61006,'JOSE MANUEL QUIROZ','SHIRAC',2,61000),(61007,'JOSE SABOGAL','VENECIA',2,61000),(61101,'SAN MIGUEL','SAN MIGUEL DE PALLAQUES',2,61100),(61102,'BOLIVAR','BOLIVAR',1,61100),(61103,'CALQUIS','CALQUIS',2,61100),(61104,'CATILLUC','CATILLUC',2,61100),(61105,'EL PRADO','EL PRADO',2,61100),(61106,'LA FLORIDA','LA FLORIDA',1,61100),(61107,'LLAPA','LLAPA',2,61100),(61108,'NANCHOC','NANCHOC',1,61100),(61109,'NIEPOS','NIEPOS',2,61100),(61110,'SAN GREGORIO','SAN GREGORIO',1,61100),(61111,'SAN SILVESTRE DE COCHAN','SAN SILVESTRE DE COCHAN',2,61100),(61112,'TONGOD','TONGOD',2,61100),(61113,'UNION AGUA BLANCA','AGUA BLANCA',1,61100),(61201,'SAN PABLO','SAN PABLO',2,61200),(61202,'SAN BERNARDINO','SAN BERNARDINO',1,61200),(61203,'SAN LUIS','SAN LUIS GRANDE',1,61200),(61204,'TUMBADEN','TUMBADEN',2,61200),(61301,'SANTA CRUZ','SANTA CRUZ DE SUCCHABAMBA',2,61300),(61302,'ANDABAMBA','ANDABAMBA',2,61300),(61303,'CATACHE','CATACHE',1,61300),(61304,'CHANCAYBA','CHANCAYBA',2,61300),(61305,'LA ESPERANZA','LA ESPERANZA',2,61300),(61306,'NINABAMBA','NINABAMBA',2,61300),(61307,'PULAN','PULAN',2,61300),(61308,'SAUCEPAMPA','SAUCEPAMPA',2,61300),(61309,'SEXI','SEXI',2,61300),(61310,'UTICYACU','UTICYACU',2,61300),(61311,'YAUYUCAN','YAUYUCAN',2,61300),(70101,'CALLAO','CALLAO',1,70100),(70102,'BELLAVISTA','BELLAVISTA',1,70100),(70103,'CARMEN DE LA LEGUA REYNOSO','CARMEN DE LA LEGUA REYNOS',1,70100),(70104,'LA PERLA','LA PERLA',1,70100),(70105,'LA PUNTA','LA PUNTA',1,70100),(70106,'VENTANILLA','VENTANILLA',1,70100),(80101,'CUSCO','CUSCO',2,80100),(80102,'CCORCA','CCORCA',2,80100),(80103,'POROY','POROY',2,80100),(80104,'SAN JERONIMO','SAN JERONIMO',2,80100),(80105,'SAN SEBASTIAN','SAN SEBASTIAN',2,80100),(80106,'SANTIAGO','SANTIAGO',2,80100),(80107,'SAYLLA','SAYLLA',2,80100),(80108,'WANCHAQ','WANCHAQ',2,80100),(80201,'ACOMAYO','ACOMAYO',2,80200),(80202,'ACOPIA','ACOPIA',2,80200),(80203,'ACOS','ACOS',2,80200),(80204,'MOSOC LLACTA','MOSOC LLACTA',2,80200),(80205,'POMACANCHI','POMACANCHI',2,80200),(80206,'RONDOCAN','RONDOCAN',2,80200),(80207,'SANGARARA','SANGARARA',2,80200),(80301,'ANTA','ANTA',2,80300),(80302,'ANCAHUASI','ANCAHUASI',2,80300),(80303,'CACHIMAYO','CACHIMAYO',2,80300),(80304,'CHINCHAYPUJIO','CHINCHAYPUJIO',2,80300),(80305,'HUAROCONDO','HUAROCONDO',2,80300),(80306,'LIMATAMBO','LIMATAMBO',2,80300),(80307,'MOLLEPATA','MOLLEPATA',2,80300),(80308,'PUCYURA','PUCYURA',2,80300),(80309,'ZURITE','ZURITE',2,80300),(80401,'CALCA','CALCA',2,80400),(80402,'COYA','COYA',2,80400),(80403,'LAMAY','LAMAY',2,80400),(80404,'LARES','LARES',2,80400),(80405,'PISAC','PISAC',2,80400),(80406,'SAN SALVADOR','SAN SALVADOR',2,80400),(80407,'TARAY','TARAY',2,80400),(80408,'YANATILE','QUEBRADA HONDA',3,80400),(80501,'YANAOCA','YANAOCA',2,80500),(80502,'CHECCA','CHECCA',2,80500),(80503,'KUNTURKANKI','EL DESCANSO',2,80500),(80504,'LANGUI','LANGUI',2,80500),(80505,'LAYO','LAYO',2,80500),(80506,'PAMPAMARCA','PAMPAMARCA',2,80500),(80507,'QUEHUE','QUEHUE',2,80500),(80508,'TUPAC AMARU','TUNGASUCA',2,80500),(80601,'SICUANI','SICUANI',2,80600),(80602,'CHECACUPE','CHECACUPE',2,80600),(80603,'COMBAPATA','COMBAPATA',2,80600),(80604,'MARANGANI','MARANGANI',2,80600),(80605,'PITUMARCA','PITUMARCA',2,80600),(80606,'SAN PABLO','SAN PABLO',2,80600),(80607,'SAN PEDRO','SAN PEDRO',2,80600),(80608,'TINTA','TINTA',2,80600),(80701,'SANTO TOMAS','SANTO TOMAS',2,80700),(80702,'CAPACMARCA','CAPACMARCA',2,80700),(80703,'CHAMACA','CHAMACA',2,80700),(80704,'COLQUEMARCA','COLQUEMARCA',2,80700),(80705,'LIVITACA','LIVITACA',2,80700),(80706,'LLUSCO','LLUSCO',2,80700),(80707,'QUI','QUI',2,80700),(80708,'VELILLE','VELILLE',2,80700),(80801,'ESPINAR','YAURI ( ESPINAR )',2,80800),(80802,'CONDOROMA','CONDOROMA',2,80800),(80803,'COPORAQUE','COPORAQUE',2,80800),(80804,'OCORURO','OCORURO',2,80800),(80805,'PALLPATA','HECTOR TEJADA',2,80800),(80806,'PICHIGUA','PICHIGUA',2,80800),(80807,'SUYCKUTAMBO','SUYCKUTAMBO',2,80800),(80808,'ALTO PICHIGUA','ACCOCUNCA',2,80800),(80901,'SANTA ANA','QUILLABAMBA',3,80900),(80902,'ECHARATE','ECHARATE',3,80900),(80903,'HUAYOPATA','IPAL',2,80900),(80904,'MARANURA','MARANURA',3,80900),(80905,'OCOBAMBA','OCOBAMBA',2,80900),(80906,'QUELLOUNO','QUELLOUNO',3,80900),(80907,'QUIMBIRI','QUIMBIRI',4,80900),(80908,'SANTA TERESA','SANTA TERESA',2,80900),(80909,'VILCABAMBA','LUCMA',2,80900),(80910,'PICHARI','PICHARI',4,80900),(81001,'PARURO','PARURO',2,81000),(81002,'ACCHA','ACCHA',2,81000),(81003,'CCAPI','CCAPI',2,81000),(81004,'COLCHA','COLCHA',2,81000),(81005,'HUANOQUITE','HUANOQUITE',2,81000),(81006,'OMACHA','OMACHA',2,81000),(81007,'PACCARITAMBO','PACCARITAMBO',2,81000),(81008,'PILLPINTO','PILLPINTO',2,81000),(81009,'YAURISQUE','YAURISQUE',2,81000),(81101,'PAUCARTAMBO','PAUCARTAMBO',2,81100),(81102,'CAICAY','CAICAY',2,81100),(81103,'CHALLABAMBA','CHALLABAMBA',2,81100),(81104,'COLQUEPATA','COLQUEPATA',2,81100),(81105,'HUANCARANI','HUANCARANI',2,81100),(81106,'KOS','PILLCOPATA',3,81100),(81201,'URCOS','URCOS',2,81200),(81202,'ANDAHUAYLILLAS','ANDAHUAYLILLAS',2,81200),(81203,'CAMANTI','QUINCE MIL',3,81200),(81204,'CCARHUAYO','CCARHUAYO',2,81200),(81205,'CCATCA','CCATCA',2,81200),(81206,'CUSIPATA','CUSIPATA',2,81200),(81207,'HUARO','HUARO',2,81200),(81208,'LUCRE','LUCRE',2,81200),(81209,'MARCAPATA','MARCAPATA',2,81200),(81210,'OCONGATE','OCONGATE',2,81200),(81211,'OROPESA','OROPESA',2,81200),(81212,'QUIQUIJANA','QUIQUIJANA',2,81200),(81301,'URUBAMBA','URUBAMBA',2,81300),(81302,'CHINCHERO','CHINCHERO',2,81300),(81303,'HUAYLLABAMBA','HUAYLLABAMBA',2,81300),(81304,'MACHUPICCHU','MACHUPICCHU',2,81300),(81305,'MARAS','MARAS',2,81300),(81306,'OLLANTAYTAMBO','OLLANTAYTAMBO',2,81300),(81307,'YUCAY','YUCAY',2,81300),(90101,'HUANCAVELICA','HUANCAVELICA',2,90100),(90102,'ACOBAMBILLA','ACOBAMBILLA',2,90100),(90103,'ACORIA','ACORIA',2,90100),(90104,'CONAYCA','CONAYCA',2,90100),(90105,'CUENCA','CUENCA',2,90100),(90106,'HUACHOCOLPA','HUACHOCOLPA',2,90100),(90107,'HUAYLLAHUARA','HUAYLLAHUARA',2,90100),(90108,'IZCUCHACA','IZCUCHACA',2,90100),(90109,'LARIA','LARIA',2,90100),(90110,'MANTA','MANTA',2,90100),(90111,'MARISCAL CACERES','MARISCAL CACERES',2,90100),(90112,'MOYA','MOYA',2,90100),(90113,'NUEVO OCCORO','OCCORO',2,90100),(90114,'PALCA','PALCA',2,90100),(90115,'PILCHACA','PILCHACA',2,90100),(90116,'VILCA','VILCA',2,90100),(90117,'YAULI','YAULI',2,90100),(90201,'ACOBAMBA','ACOBAMBA',2,90200),(90202,'ANDABAMBA','ANDABAMBA',2,90200),(90203,'ANTA','ANTA',2,90200),(90204,'CAJA','CAJA',2,90200),(90205,'MARCAS','MARCAS',2,90200),(90206,'PAUCARA','PAUCARA',2,90200),(90207,'POMACOCHA','POMACOCHA',2,90200),(90208,'ROSARIO','ROSARIO',2,90200),(90301,'LIRCAY','LIRCAY',2,90300),(90302,'ANCHONGA','ANCHONGA',2,90300),(90303,'CALLANMARCA','CALLANMARCA',2,90300),(90304,'CCOCHACCASA','CCOCHACCASA',2,90300),(90305,'CHINCHO','CHINCHO',2,90300),(90306,'CONGALLA','CONGALLA',2,90300),(90307,'HUANCA','HUANCA',2,90300),(90308,'HUAYLLAY GRANDE','HUAYLLAY GRANDE',2,90300),(90309,'JULCAMARCA','JULCAMARCA',2,90300),(90310,'SAN ANTONIO DE ANTAPARCO','ANTAPARCO',2,90300),(90311,'SANTO TOMAS DE PATA','SANTO TOMAS DE PATA',2,90300),(90312,'SECCLLA','SECCLLA',2,90300),(90401,'CASTROVIRREYNA','CASTROVIRREYNA',2,90400),(90402,'ARMA','ARMA',2,90400),(90403,'AURAHUA','AURAHUA',2,90400),(90404,'CAPILLAS','CAPILLAS',2,90400),(90405,'CHUPAMARCA','CHUPAMARCA',2,90400),(90406,'COCAS','COCAS',2,90400),(90407,'HUACHOS','HUACHOS',2,90400),(90408,'HUAMATAMBO','HUAMATAMBO',2,90400),(90409,'MOLLEPAMPA','MOLLEPAMPA',2,90400),(90410,'SAN JUAN','SAN JUAN',2,90400),(90411,'SANTA ANA','SANTA ANA',2,90400),(90412,'TANTARA','TANTARA',2,90400),(90413,'TICRAPO','TICRAPO',2,90400),(90501,'CHURCAMPA','CHURCAMPA',2,90500),(90502,'ANCO','LA ESMERALDA',2,90500),(90503,'CHINCHIHUASI','CHINCHIHUASI',2,90500),(90504,'EL CARMEN','PAUCARBAMBILLA',2,90500),(90505,'LA MERCED','LA MERCED',2,90500),(90506,'LOCROJA','LOCROJA',2,90500),(90507,'PAUCARBAMBA','PAUCARBAMBA',2,90500),(90508,'SAN MIGUEL DE MAYOCC','MAYOCC',2,90500),(90509,'SAN PEDRO DE CORIS','SAN PEDRO DE CORIS',2,90500),(90510,'PACHAMARCA','PACHAMARCA',2,90500),(90601,'HUAYTARA','HUAYTARA',2,90600),(90602,'AYAVI','AYAVI',2,90600),(90603,'CORDOVA','CORDOVA',2,90600),(90604,'HUAYACUNDO ARMA','HUAYACUNDO ARMA',2,90600),(90605,'LARAMARCA','LARAMARCA',2,90600),(90606,'OCOYO','OCOYO',2,90600),(90607,'PILPICHACA','PILPICHACA',2,90600),(90608,'QUERCO','QUERCO',2,90600),(90609,'QUITO','QUITO',2,90600),(90610,'SAN ANTONIO DE CUSICANCHA','CUSICANCHA',2,90600),(90611,'SAN FRANCISCO DE SANGAYAICO','SAN FRANCISCO DE SANGAYAI',2,90600),(90612,'SAN ISIDRO','SAN JUAN DE HUIRPACANCHA',2,90600),(90613,'SANTIAGO DE CHOCORVOS','SANTIAGO DE CHOCORVOS',2,90600),(90614,'SANTIAGO DE QUIRAHUARA','SANTIAGO DE QUIRAHUARA',2,90600),(90615,'SANTO DOMINGO DE CAPILLAS','SANTO DOMINGO DE CAPILLAS',2,90600),(90616,'TAMBO','TAMBO',2,90600),(90701,'PAMPAS','PAMPAS',2,90700),(90702,'ACOSTAMBO','ACOSTAMBO',2,90700),(90703,'ACRAQUIA','ACRAQUIA',2,90700),(90704,'AHUAYCHA','AHUAYCHA',2,90700),(90705,'COLCABAMBA','COLCABAMBA',2,90700),(90706,'DANIEL HERNANDEZ','MARISCAL CACERES',2,90700),(90707,'HUACHOCOLPA','HUACHOCOLPA',2,90700),(90708,'HUANDO','HUANDO',2,90700),(90709,'HUARIBAMBA','HUARIBAMBA',2,90700),(90710,'','',2,90700),(90711,'PAZOS','PAZOS',2,90700),(90713,'QUISHUAR','QUISHUAR',2,90700),(90714,'SALCABAMBA','SALCABAMBA',2,90700),(90715,'SALCAHUASI','SALCAHUASI',2,90700),(90716,'SAN MARCOS DE ROCCHAC','SAN MARCOS DE ROCCHAC',2,90700),(90717,'SURCUBAMBA','SURCUBAMBA',2,90700),(90718,'TINTAY PUNCU','TINTAY',2,90700),(100101,'HUANUCO','HUANUCO',3,100100),(100102,'AMARILIS','PAUCARBAMBA',2,100100),(100103,'CHINCHAO','ACOMAYO',2,100100),(100104,'CHURUBAMBA','CHURUBAMBA',2,100100),(100105,'MARGOS','MARGOS',2,100100),(100106,'QUISQUI','HUANCAPALLAC',2,100100),(100107,'SAN FRANCISCO DE CAYRAN','CAYRAN',2,100100),(100108,'SAN PEDRO DE CHAULAN','CHAULAN',2,100100),(100109,'SANTA MARIA DEL VALLE','SANTA MARIA DEL VALLE',2,100100),(100110,'YARUMAYO','YARUMAYO',2,100100),(100201,'AMBO','AMBO',2,100200),(100202,'CAYNA','CAYNA',2,100200),(100203,'COLPAS','COLPAS',2,100200),(100204,'CONCHAMARCA','CONCHAMARCA',2,100200),(100205,'HUACAR','HUACAR',2,100200),(100206,'SAN FRANCISCO','MOSCA',2,100200),(100207,'SAN RAFAEL','SAN RAFAEL',2,100200),(100208,'TOMAY KICHWA','TOMAY KICHWA',2,100200),(100301,'LA UNION','LA UNION',2,100300),(100307,'CHUQUIS','CHUQUIS',2,100300),(100311,'MARIAS','MARIAS',2,100300),(100313,'PACHAS','PACHAS',2,100300),(100316,'QUIVILLA','QUIVILLA',2,100300),(100317,'RIPAN','RIPAN',2,100300),(100321,'SHUNQUI','SHUNQUI',2,100300),(100322,'SILLAPATA','SILLAPATA',2,100300),(100323,'YANAS','YANAS',2,100300),(100401,'HUACAYBAMBA','HUACAYBAMBA',2,100400),(100402,'CANCHABAMBA','CANCHABAMBA',2,100400),(100403,'COCHABAMBA','COCHABAMBA',2,100400),(100404,'PINRA','PINRA',2,100400),(100501,'LLATA','LLATA',2,100500),(100502,'ARANCAY','ARANCAY',2,100500),(100503,'CHAVIN DE PARIARCA','CHAVIN DE PARIARCA',2,100500),(100504,'JACAS GRANDE','JACAS GRANDE',2,100500),(100505,'JIRCAN','JIRCAN',2,100500),(100506,'MIRAFLORES','MIRAFLORES',2,100500),(100507,'MONZON','MONZON',3,100500),(100508,'PUNCHAO','PUNCHAO',2,100500),(100509,'PU','PU',2,100500),(100510,'SINGA','SINGA',2,100500),(100511,'TANTAMAYO','TANTAMAYO',2,100500),(100601,'RUPA','TINGO MARIA',3,100600),(100602,'DANIEL ALOMIA ROBLES','DANIEL ALOMIA ROBLES',3,100600),(100603,'HERMILIO VALDIZAN','HERMILIO VALDIZAN',3,100600),(100604,'JOSE CRESPO Y CASTILLO','AUCAYACU',3,100600),(100605,'LUYANDO 1/','LUYANDO',3,100600),(100606,'MARIANO DAMASO BERAUN','LAS PALMAS',3,100600),(100701,'HUACRACHUCO','HUACRACHUCO',2,100700),(100702,'CHOLON','SAN PEDRO DE CHONTA',2,100700),(100703,'SAN BUENAVENTURA','SAN BUENAVENTURA',2,100700),(100801,'PANAO','PANAO',2,100800),(100802,'CHAGLLA','CHAGLLA',2,100800),(100803,'MOLINO','MOLINO',2,100800),(100804,'UMARI  2/','UMARI',2,100800),(100901,'PUERTO INCA','PUERTO INCA',4,100900),(100902,'CODO DEL POZUZO','CODO DEL POZUZO',3,100900),(100903,'HONORIA','HONORIA',4,100900),(100904,'TOURNAVISTA','TOURNAVISTA',4,100900),(100905,'YUYAPICHIS','YUYAPICHIS',4,100900),(101001,'JESUS','JESUS',2,101000),(101002,'BA','BA',2,101000),(101003,'JIVIA','JIVIA',2,101000),(101004,'QUEROPALCA','QUEROPALCA',2,101000),(101005,'RONDOS','RONDOS',2,101000),(101006,'SAN FRANCISCO DE ASIS','HUARIN',2,101000),(101007,'SAN MIGUEL DE CAURI','CAURI',2,101000),(101101,'CHAVINILLO','CHAVINILLO',2,101100),(101102,'CAHUAC','CAHUAC',2,101100),(101103,'CHACABAMBA','CHACABAMBA',2,101100),(101104,'CHUPAN','CHUPAN',2,101100),(101105,'JACAS CHICO','SAN CRISTOBAL DE JACAS CH',2,101100),(101106,'OBAS','OBAS',2,101100),(101107,'PAMPAMARCA','PAMPAMARCA',2,101100),(110101,'ICA','ICA',1,110100),(110102,'LA TINGUI','LA TINGUI',1,110100),(110103,'LOS AQUIJES','LOS AQUIJES',1,110100),(110104,'OCUCAJE','OCUCAJE',1,110100),(110105,'PACHACUTEC','PAMPA DE TATE',1,110100),(110106,'PARCONA','PARCONA',1,110100),(110107,'PUEBLO NUEVO','PUEBLO NUEVO',1,110100),(110108,'SALAS','GUADALUPE',1,110100),(110109,'SAN JOSE DE LOS MOLINOS','SAN JOSE DE LOS MOLINOS',1,110100),(110110,'SAN JUAN BAUTISTA','SAN JUAN BAUTISTA',1,110100),(110111,'SANTIAGO','SANTIAGO',1,110100),(110112,'SUBTANJALLA','SUBTANJALLA',1,110100),(110113,'TATE','TATE DE LA CAPILLA',1,110100),(110114,'YAUCA DEL ROSARIO  1/','CURIS',1,110100),(110201,'CHINCHA ALTA','CHINCHA ALTA',1,110200),(110202,'ALTO LARAN','ALTO LARAN',1,110200),(110203,'CHAVIN','CHAVIN',2,110200),(110204,'CHINCHA BAJA','CHINCHA BAJA',1,110200),(110205,'EL CARMEN','EL CARMEN',1,110200),(110206,'GROCIO PRADO','SAN PEDRO',1,110200),(110207,'PUEBLO NUEVO','PUEBLO NUEVO',1,110200),(110208,'SAN JUAN DE YANAC','SAN JUAN DE YANAC',2,110200),(110209,'SAN PEDRO DE HUACARPANA','SAN PEDRO DE HUACARPANA',2,110200),(110210,'SUNAMPE','SUNAMPE',1,110200),(110211,'TAMBO DE MORA','TAMBO DE MORA',1,110200),(110301,'NAZCA','NAZCA',1,110300),(110302,'CHANGUILLO','CHANGUILLO',1,110300),(110303,'EL INGENIO','EL INGENIO',1,110300),(110304,'MARCONA','SAN JUAN',1,110300),(110305,'VISTA ALEGRE','VISTA ALEGRE',1,110300),(110401,'PALPA','PALPA',1,110400),(110402,'LLIPATA','LLIPATA',1,110400),(110403,'RIO GRANDE','RIO GRANDE',1,110400),(110404,'SANTA CRUZ','SANTA CRUZ',1,110400),(110405,'TIBILLO','TIBILLO',2,110400),(110501,'PISCO','PISCO',1,110500),(110502,'HUANCANO','HUANCANO',2,110500),(110503,'HUMAY','HUMAY',1,110500),(110504,'INDEPENDENCIA','INDEPENDENCIA',1,110500),(110505,'PARACAS','PARACAS',1,110500),(110506,'SAN ANDRES','SAN ANDRES',1,110500),(110507,'SAN CLEMENTE','SAN CLEMENTE',1,110500),(110508,'TUPAC AMARU INCA','TUPAC AMARU',1,110500),(120101,'HUANCAYO','HUANCAYO',2,120100),(120104,'CARHUACALLANGA','CARHUACALLANGA',2,120100),(120105,'CHACAPAMPA','CHACAPAMPA',2,120100),(120106,'CHICCHE','CHICCHE',2,120100),(120107,'CHILCA','CHILCA',2,120100),(120108,'CHONGOS ALTO','CHONGOS ALTO',2,120100),(120111,'CHUPURO','CHUPURO',2,120100),(120112,'COLCA','COLCA',2,120100),(120113,'CULLHUAS','CULLHUAS',2,120100),(120114,'EL TAMBO','EL TAMBO',2,120100),(120116,'HUACRAPUQUIO','HUACRAPUQUIO',2,120100),(120117,'HUALHUAS','HUALHUAS',2,120100),(120119,'HUANCAN','HUANCAN',2,120100),(120120,'HUASICANCHA','HUASICANCHA',2,120100),(120121,'HUAYUCACHI','HUAYUCACHI',2,120100),(120122,'INGENIO','INGENIO',2,120100),(120124,'PARIAHUANCA   1/','PARIAHUANCA',2,120100),(120125,'PILCOMAYO','PILCOMAYO',2,120100),(120126,'PUCARA','PUCARA',2,120100),(120127,'QUICHUAY','QUICHUAY',2,120100),(120128,'QUILCAS','QUILCAS',2,120100),(120129,'SAN AGUSTIN','SAN AGUSTIN',2,120100),(120130,'SAN JERONIMO DE TUNAN','SAN JERONIMO DE TUNAN',2,120100),(120132,'SA','SA',2,120100),(120133,'SAPALLANGA','SAPALLANGA',2,120100),(120134,'SICAYA','SICAYA',2,120100),(120135,'SANTO DOMINGO DE ACOBAMBA','SANTO DOMINGO DE ACOBAMBA',2,120100),(120136,'VIQUES','VIQUES',2,120100),(120201,'CONCEPCION','CONCEPCION',2,120200),(120202,'ACO','ACO',2,120200),(120203,'ANDAMARCA','ANDAMARCA',2,120200),(120204,'CHAMBARA','CHAMBARA',2,120200),(120205,'COCHAS','COCHAS',2,120200),(120206,'COMAS','COMAS',2,120200),(120207,'HEROINAS TOLEDO','SAN ANTONIO DE OCOPA',2,120200),(120208,'MANZANARES','SAN MIGUEL',2,120200),(120209,'MARISCAL CASTILLA','MUCLLO',2,120200),(120210,'MATAHUASI','MATAHUASI',2,120200),(120211,'MITO','MITO',2,120200),(120212,'NUEVE DE JULIO','SANTO DOMINGO DEL PRADO',2,120200),(120213,'ORCOTUNA','ORCOTUNA',2,120200),(120214,'SAN JOSE DE QUERO','SAN JOSE DE QUERO',2,120200),(120215,'SANTA ROSA DE OCOPA','SANTA ROSA',2,120200),(120301,'CHANCHAMAYO','LA MERCED',3,120300),(120302,'PERENE','PERENE',3,120300),(120303,'PICHANAQUI','BAJO PICHANAQUI',3,120300),(120304,'SAN LUIS DE SHUARO','SAN LUIS DE SHUARO',3,120300),(120305,'SAN RAMON','SAN RAMON',3,120300),(120306,'VITOC','PUCARA',3,120300),(120401,'JAUJA','JAUJA',2,120400),(120402,'ACOLLA','ACOLLA',2,120400),(120403,'APATA','APATA',2,120400),(120404,'ATAURA','ATAURA',2,120400),(120405,'CANCHAYLLO','CANCHAYLLO',2,120400),(120406,'CURICACA','EL ROSARIO',2,120400),(120407,'EL MANTARO','PUCUCHO',2,120400),(120408,'HUAMALI','HUAMALI',2,120400),(120409,'HUARIPAMPA','HUARIPAMPA',2,120400),(120410,'HUERTAS','HUERTAS',2,120400),(120411,'JANJAILLO','JANJAILLO',2,120400),(120412,'JULCAN','JULCAN',2,120400),(120413,'LEONOR ORDO','HUANCANI',2,120400),(120414,'LLOCLLAPAMPA','LLOCLLAPAMPA',2,120400),(120415,'MARCO','MARCO',2,120400),(120416,'MASMA','MASMA',2,120400),(120417,'MASMA CHICCHE','MASMA CHICCHE',2,120400),(120418,'MOLINOS','MOLINOS',2,120400),(120419,'MONOBAMBA','MONOBAMBA',2,120400),(120420,'MUQUI','MUQUI',2,120400),(120421,'MUQUIYAUYO','MUQUIYAUYO',2,120400),(120422,'PACA','PACA',2,120400),(120423,'PACCHA','PACCHA',2,120400),(120424,'PANCAN','PANCAN',2,120400),(120425,'PARCO','PARCO',2,120400),(120426,'POMACANCHA','POMACANCHA',2,120400),(120427,'RICRAN','RICRAN',2,120400),(120428,'SAN LORENZO','SAN LORENZO',2,120400),(120429,'SAN PEDRO DE CHUNAN','SAN PEDRO DE CHUNAN',2,120400),(120430,'SAUSA','SAUSA',2,120400),(120431,'SINCOS','SINCOS',2,120400),(120432,'TUNAN MARCA','CONCHO',2,120400),(120433,'YAULI','YAULI',2,120400),(120434,'YAUYOS','YAUYOS',2,120400),(120501,'JUNIN','JUNIN',2,120500),(120502,'CARHUAMAYO','CARHUAMAYO',2,120500),(120503,'ONDORES','ONDORES',2,120500),(120504,'ULCUMAYO','ULCUMAYO',2,120500),(120601,'SATIPO','SATIPO',3,120600),(120602,'COVIRIALI','COVIRIALI',3,120600),(120603,'LLAYLLA','LLAYLLA',3,120600),(120604,'MAZAMARI','MAZAMARI',3,120600),(120605,'PAMPA HERMOSA','MARIPOSA',3,120600),(120606,'PANGOA','SAN MARTIN DE PANGOA',3,120600),(120607,'RIO NEGRO','RIO NEGRO',3,120600),(120608,'RIO TAMBO','PUERTO OCOPA',3,120600),(120701,'TARMA','TARMA',2,120700),(120702,'ACOBAMBA','ACOBAMBA',2,120700),(120703,'HUARICOLCA','HUARICOLCA',2,120700),(120704,'HUASAHUASI','HUASAHUASI',2,120700),(120705,'LA UNION','LETICIA',2,120700),(120706,'PALCA','PALCA',2,120700),(120707,'PALCAMAYO','PALCAMAYO',2,120700),(120708,'SAN PEDRO DE CAJAS','SAN PEDRO DE CAJAS',2,120700),(120709,'TAPO','TAPO',2,120700),(120801,'LA OROYA','LA OROYA',2,120800),(120802,'CHACAPALPA','CHACAPALPA',2,120800),(120803,'HUAY','HUAY',2,120800),(120804,'MARCAPOMACOCHA','MARCAPOMACOCHA',2,120800),(120805,'MOROCOCHA','MOROCOCHA',2,120800),(120806,'PACCHA','PACCHA',2,120800),(120807,'SANTA BARBARA DE CARHUACAYA','SANTA BARBARA DE CARHUACA',2,120800),(120808,'SANTA ROSA DE SACCO','SANTA ROSA DE SACCO',2,120800),(120809,'SUITUCANCHA','SUITUCANCHA',2,120800),(120810,'YAULI','YAULI',2,120800),(120901,'CHUPACA','CHUPACA',2,120900),(120902,'AHUAC','AHUAC',2,120900),(120903,'CHONGOS BAJO','CHONGOS BAJO',2,120900),(120904,'HUACHAC','HUACHAC',2,120900),(120905,'HUAMANCACA CHICO','HUAMANCACA CHICO',2,120900),(120906,'SAN JUAN DE ISCOS','ISCOS',2,120900),(120907,'SAN JUAN DE JARPA','JARPA',2,120900),(120908,'TRES DE DICIEMBRE','TRES DE DICIEMBRE',2,120900),(120909,'YANACANCHA','YANACANCHA',2,120900),(130101,'TRUJILLO','TRUJILLO',1,130100),(130102,'EL PORVENIR','EL PORVENIR',1,130100),(130103,'FLORENCIA DE MORA','FLORENCIA DE MORA',1,130100),(130104,'HUANCHACO','HUANCHACO',1,130100),(130105,'LA ESPERANZA','LA ESPERANZA',1,130100),(130106,'LAREDO','LAREDO',1,130100),(130107,'MOCHE','MOCHE',1,130100),(130108,'POROTO','POROTO',1,130100),(130109,'SALAVERRY','SALAVERRY',1,130100),(130110,'SIMBAL','SIMBAL',1,130100),(130111,'VICTOR LARCO HERRERA','BUENOS AIRES',1,130100),(130201,'ASCOPE','ASCOPE',1,130200),(130202,'CHICAMA','CHICAMA',1,130200),(130203,'CHOCOPE','CHOCOPE',1,130200),(130204,'MAGDALENA DE CAO','MAGDALENA DE CAO',1,130200),(130205,'PAIJAN','PAIJAN',1,130200),(130206,'RAZURI','PUERTO DE MALABRIGO',1,130200),(130207,'SANTIAGO DE CAO','SANTIAGO DE CAO',1,130200),(130208,'CASA GRANDE','CASA GRANDE',1,130200),(130301,'BOLIVAR','BOLIVAR',2,130300),(130302,'BAMBAMARCA','BAMBAMARCA',2,130300),(130303,'CONDORMARCA','CONDORMARCA',2,130300),(130304,'LONGOTEA','LONGOTEA',2,130300),(130305,'UCHUMARCA','UCHUMARCA',2,130300),(130306,'UCUNCHA','UCUNCHA',2,130300),(130401,'CHEPEN','CHEPEN',1,130400),(130402,'PACANGA','PACANGA',1,130400),(130403,'PUEBLO NUEVO','PUEBLO NUEVO',1,130400),(130501,'JULCAN','JULCAN',2,130500),(130502,'CALAMARCA','CALAMARCA',2,130500),(130503,'CARABAMBA','CARABAMBA',2,130500),(130504,'HUASO','HUASO',2,130500),(130601,'OTUZCO','OTUZCO',2,130600),(130602,'AGALLPAMPA','AGALLPAMPA',2,130600),(130604,'CHARAT','CHARAT',2,130600),(130605,'HUARANCHAL','HUARANCHAL',2,130600),(130606,'LA CUESTA','LA CUESTA',2,130600),(130608,'MACHE','MACHE',2,130600),(130610,'PARANDAY','PARANDAY',2,130600),(130611,'SALPO','SALPO',2,130600),(130613,'SINSICAP','SINSICAP',2,130600),(130614,'USQUIL','USQUIL',2,130600),(130701,'SAN PEDRO DE LLOC','SAN PEDRO DE LLOC',1,130700),(130702,'GUADALUPE','GUADALUPE',1,130700),(130703,'JEQUETEPEQUE','JEQUETEPEQUE',1,130700),(130704,'PACASMAYO','PACASMAYO',1,130700),(130705,'SAN JOSE','SAN JOSE',1,130700),(130801,'TAYABAMBA','TAYABAMBA',2,130800),(130802,'BULDIBUYO','BULDIBUYO',2,130800),(130803,'CHILLIA','CHILLIA',2,130800),(130804,'HUANCASPATA','HUANCASPATA',2,130800),(130805,'HUAYLILLAS','HUAYLILLAS',2,130800),(130806,'HUAYO','HUAYO',2,130800),(130807,'ONGON','ONGON',3,130800),(130808,'PARCOY','PARCOY',2,130800),(130809,'PATAZ','PATAZ',2,130800),(130810,'PIAS','PIAS',2,130800),(130811,'SANTIAGO DE CHALLAS','CHALLAS',2,130800),(130812,'TAURIJA','TAURIJA',2,130800),(130813,'URPAY','URPAY',2,130800),(130901,'HUAMACHUCO','HUAMACHUCO',2,130900),(130902,'CHUGAY','CHUGAY',2,130900),(130903,'COCHORCO','ARICAPAMPA',2,130900),(130904,'CURGOS','CURGOS',2,130900),(130905,'MARCABAL','MARCABAL',2,130900),(130906,'SANAGORAN','SANAGORAN',2,130900),(130907,'SARIN','SARIN',2,130900),(130908,'SARTIMBAMBA','SARTIMBAMBA',2,130900),(131001,'SANTIAGO DE CHUCO','SANTIAGO DE CHUCO',2,131000),(131002,'ANGASMARCA','ANGASMARCA',2,131000),(131003,'CACHICADAN','CACHICADAN',2,131000),(131004,'MOLLEBAMBA','MOLLEBAMBA',2,131000),(131005,'MOLLEPATA','MOLLEPATA',2,131000),(131006,'QUIRUVILCA','QUIRUVILCA',2,131000),(131007,'SANTA CRUZ DE CHUCA','SANTA CRUZ DE CHUCA',2,131000),(131008,'SITABAMBA','SITABAMBA',2,131000),(131101,'CASCAS','CASCAS',1,131100),(131102,'LUCMA','LUCMA',2,131100),(131103,'MARMOT  1/','MARMOT',1,131100),(131104,'SAYAPULLO','SAYAPULLO',2,131100),(131201,'VIRU','VIRU',1,131200),(131202,'CHAO','CHAO',1,131200),(131203,'GUADALUPITO','GUADALUPITO',1,131200),(140101,'CHICLAYO','CHICLAYO',1,140100),(140102,'CHONGOYAPE','CHONGOYAPE',1,140100),(140103,'ETEN','ETEN',1,140100),(140104,'ETEN PUERTO','ETEN PUERTO',1,140100),(140105,'JOSE LEONARDO ORTIZ','JOSE LEONARDO ORTIZ',1,140100),(140106,'LA VICTORIA','LA VICTORIA',1,140100),(140107,'LAGUNAS','MOCUPE',1,140100),(140108,'MONSEFU','MONSEFU',1,140100),(140109,'NUEVA ARICA','NUEVA ARICA',1,140100),(140110,'OYOTUN','OYOTUN',1,140100),(140111,'PICSI','PICSI',1,140100),(140112,'PIMENTEL','PIMENTEL',1,140100),(140113,'REQUE','REQUE',1,140100),(140114,'SANTA ROSA','SANTA ROSA',1,140100),(140115,'SA','SA',1,140100),(140116,'CAYALTI','CAYALTI',1,140100),(140117,'PATAPO','PATAPO',1,140100),(140118,'POMALCA','POMALCA',1,140100),(140119,'PUCALA','PUCALA',1,140100),(140120,'TUMAN','TUMAN',1,140100),(140201,'FERRE','FERRE',1,140200),(140202,'CA','CA',2,140200),(140203,'INCAHUASI','INCAHUASI',2,140200),(140204,'MANUEL ANTONIO MESONES MURO','MANUEL ANTONIO MESONES MU',1,140200),(140205,'PITIPO','PITIPO',1,140200),(140206,'PUEBLO NUEVO','PUEBLO NUEVO',1,140200),(140301,'LAMBAYEQUE','LAMBAYEQUE',1,140300),(140302,'CHOCHOPE','CHOCHOPE',1,140300),(140303,'ILLIMO','ILLIMO',1,140300),(140304,'JAYANCA','JAYANCA',1,140300),(140305,'MOCHUMI','MOCHUMI',1,140300),(140306,'MORROPE','MORROPE',1,140300),(140307,'MOTUPE','MOTUPE',1,140300),(140308,'OLMOS','OLMOS',1,140300),(140309,'PACORA','PACORA',1,140300),(140310,'SALAS','SALAS',1,140300),(140311,'SAN JOSE','SAN JOSE',1,140300),(140312,'TUCUME','TUCUME',1,140300),(150101,'LIMA','LIMA',1,150100),(150102,'ANCON','ANCON',1,150100),(150103,'ATE','VITARTE',1,150100),(150104,'BARRANCO','BARRANCO',1,150100),(150105,'BREA','BREA',1,150100),(150106,'CARABAYLLO','CARABAYLLO',1,150100),(150107,'CHACLACAYO','CHACLACAYO',1,150100),(150108,'CHORRILLOS','CHORRILLOS',1,150100),(150109,'CIENEGUILLA','CIENEGUILLA',1,150100),(150110,'COMAS','LA LIBERTAD',1,150100),(150111,'EL AGUSTINO','EL AGUSTINO',1,150100),(150112,'INDEPENDENCIA','INDEPENDENCIA',1,150100),(150113,'JESUS MARIA','JESUS MARIA',1,150100),(150114,'LA MOLINA','LA MOLINA',1,150100),(150115,'LA VICTORIA','LA VICTORIA',1,150100),(150116,'LINCE','LINCE',1,150100),(150117,'LOS OLIVOS','LAS PALMERAS',1,150100),(150118,'LURIGANCHO','CHOSICA',1,150100),(150119,'LURIN','LURIN',1,150100),(150120,'MAGDALENA DEL MAR','MAGDALENA DEL MAR',1,150100),(150121,'MAGDALENA VIEJA','PUEBLO LIBRE',1,150100),(150122,'MIRAFLORES','MIRAFLORES',1,150100),(150123,'PACHACAMAC','PACHACAMAC',1,150100),(150124,'PUCUSANA','PUCUSANA',1,150100),(150125,'PUENTE PIEDRA','PUENTE PIEDRA',1,150100),(150126,'PUNTA HERMOSA','PUNTA HERMOSA',1,150100),(150127,'PUNTA NEGRA','PUNTA NEGRA',1,150100),(150128,'RIMAC','RIMAC',1,150100),(150129,'SAN BARTOLO','SAN BARTOLO',1,150100),(150130,'SAN BORJA','SAN FRANCISCO DE BORJA',1,150100),(150131,'SAN ISIDRO','SAN ISIDRO',1,150100),(150132,'SAN JUAN DE LURIGANCHO','SAN JUAN DE LURIGANCHO',1,150100),(150133,'SAN JUAN DE MIRAFLORES','CIUDAD DE DIOS',1,150100),(150134,'SAN LUIS','SAN LUIS',1,150100),(150135,'SAN MARTIN DE PORRES','BARRIO OBRERO INDUSTRIAL',1,150100),(150136,'SAN MIGUEL','SAN MIGUEL',1,150100),(150137,'SANTA ANITA','SANTA ANITA ',1,150100),(150138,'SANTA MARIA DEL MAR','SANTA MARIA DEL MAR',1,150100),(150139,'SANTA ROSA','SANTA ROSA',1,150100),(150140,'SANTIAGO DE SURCO','SANTIAGO DE SURCO',1,150100),(150141,'SURQUILLO','SURQUILLO',1,150100),(150142,'VILLA EL SALVADOR','VILLA EL SALVADOR',1,150100),(150143,'VILLA MARIA DEL TRIUNFO','VILLA MARIA DEL TRIUNFO',1,150100),(150201,'BARRANCA','BARRANCA',1,150200),(150202,'PARAMONGA','PARAMONGA',1,150200),(150203,'PATIVILCA','PATIVILCA',1,150200),(150204,'SUPE','SUPE',1,150200),(150205,'SUPE PUERTO','SUPE PUERTO',1,150200),(150301,'CAJATAMBO','CAJATAMBO',2,150300),(150302,'COPA','COPA',2,150300),(150303,'GORGOR','GORGOR',2,150300),(150304,'HUANCAPON','HUANCAPON',2,150300),(150305,'MANAS','MANAS',2,150300),(150401,'CANTA','CANTA',2,150400),(150402,'ARAHUAY','ARAHUAY',2,150400),(150403,'HUAMANTANGA','HUAMANTANGA',2,150400),(150404,'HUAROS','HUAROS',2,150400),(150405,'LACHAQUI','LACHAQUI',2,150400),(150406,'SAN BUENAVENTURA','SAN BUENAVENTURA',2,150400),(150407,'SANTA ROSA DE QUIVES','YANGAS',1,150400),(150501,'SAN VICENTE DE CA','SAN VICENTE DE CA',1,150500),(150502,'ASIA','ASIA',1,150500),(150503,'CALANGO','CALANGO',1,150500),(150504,'CERRO AZUL','CERRO AZUL',1,150500),(150505,'CHILCA','CHILCA',1,150500),(150506,'COAYLLO','COAYLLO',1,150500),(150507,'IMPERIAL','IMPERIAL',1,150500),(150508,'LUNAHUANA','LUNAHUANA',1,150500),(150509,'MALA','MALA',1,150500),(150510,'NUEVO IMPERIAL','NUEVO IMPERIAL',1,150500),(150511,'PACARAN','PACARAN',1,150500),(150512,'QUILMANA','QUILMANA',1,150500),(150513,'SAN ANTONIO','SAN ANTONIO',1,150500),(150514,'SAN LUIS','SAN LUIS',1,150500),(150515,'SANTA CRUZ DE FLORES','SANTA CRUZ DE FLORES',1,150500),(150516,'ZU','ZU',1,150500),(150601,'HUARAL','HUARAL',1,150600),(150602,'ATAVILLOS ALTO','PIRCA',2,150600),(150603,'ATAVILLOS BAJO','SAN AGUSTIN DE HUAYOPAMPA',2,150600),(150604,'AUCALLAMA','AUCALLAMA',1,150600),(150605,'CHANCAY','CHANCAY',1,150600),(150606,'IHUARI','IHUARI',2,150600),(150607,'LAMPIAN','LAMPIAN',2,150600),(150608,'PACARAOS','PACARAOS',2,150600),(150609,'SAN MIGUEL DE ACOS','ACOS',2,150600),(150610,'SANTA CRUZ DE ANDAMARCA','SANTA CRUZ DE ANDAMARCA',2,150600),(150611,'SUMBILCA','SUMBILCA',2,150600),(150612,'VEINTISIETE DE NOVIEMBRE','CARAC',2,150600),(150701,'MATUCANA','MATUCANA',2,150700),(150702,'ANTIOQUIA','ANTIOQUIA',1,150700),(150703,'CALLAHUANCA','CALLAHUANCA',1,150700),(150704,'CARAMPOMA','CARAMPOMA',2,150700),(150705,'CHICLA','CHICLA',2,150700),(150706,'CUENCA','SAN JOSE DE LOS CHORRILLO',2,150700),(150707,'HUACHUPAMPA','SAN LORENZO DE HUACHUPAMP',2,150700),(150708,'HUANZA','HUANZA',2,150700),(150709,'HUAROCHIRI','HUAROCHIRI',2,150700),(150710,'LAHUAYTAMBO','LAHUAYTAMBO',2,150700),(150711,'LANGA','LANGA',2,150700),(150712,'LARAOS','LARAOS',2,150700),(150713,'MARIATANA','MARIATANA',2,150700),(150714,'RICARDO PALMA','RICARDO PALMA',1,150700),(150715,'SAN ANDRES DE TUPICOCHA','SAN ANDRES DE TUPICOCHA',2,150700),(150716,'SAN ANTONIO','CHACLLA',2,150700),(150717,'SAN BARTOLOME','SAN BARTOLOME',1,150700),(150718,'SAN DAMIAN','SAN DAMIAN',2,150700),(150719,'SAN JUAN DE IRIS','SAN JUAN DE IRIS',2,150700),(150720,'SAN JUAN DE TANTARANCHE','SAN JUAN DE TANTARANCHE',2,150700),(150721,'SAN LORENZO DE QUINTI','SAN LORENZO DE QUINTI',2,150700),(150722,'SAN MATEO','SAN MATEO',2,150700),(150723,'SAN MATEO DE OTAO','SAN JUAN DE LANCA',2,150700),(150724,'SAN PEDRO DE CASTA','SAN PEDRO DE CASTA',2,150700),(150725,'SAN PEDRO DE HUANCAYRE','SAN PEDRO',2,150700),(150726,'SANGALLAYA','SANGALLAYA',2,150700),(150727,'SANTA CRUZ DE COCACHACRA','COCACHACRA',1,150700),(150728,'SANTA EULALIA','SANTA EULALIA',2,150700),(150729,'SANTIAGO DE ANCHUCAYA','SANTIAGO DE ANCHUCAYA',2,150700),(150730,'SANTIAGO DE TUNA','SANTIAGO DE TUNA',2,150700),(150731,'SANTO DOMINGO DE LOS OLLERO','SANTO DOMINGO DE LOS OLLE',1,150700),(150732,'SURCO','SURCO',2,150700),(150801,'HUACHO','HUACHO',1,150800),(150802,'AMBAR','AMBAR',2,150800),(150803,'CALETA DE CARQUIN','CALETA DE CARQUIN',1,150800),(150804,'CHECRAS','MARAY',2,150800),(150805,'HUALMAY','HUALMAY',1,150800),(150806,'HUAURA','HUAURA',1,150800),(150807,'LEONCIO PRADO','SANTA CRUZ',1,150800),(150808,'PACCHO','PACCHO',2,150800),(150809,'SANTA LEONOR','JUCUL',2,150800),(150810,'SANTA MARIA','CRUZ BLANCA',1,150800),(150811,'SAYAN','SAYAN',1,150800),(150812,'VEGUETA','VEGUETA',1,150800),(150901,'OYON','OYON',2,150900),(150902,'ANDAJES','ANDAJES',2,150900),(150903,'CAUJUL','CAUJUL',2,150900),(150904,'COCHAMARCA','COCHAMARCA',2,150900),(150905,'NAVAN','NAVAN',2,150900),(150906,'PACHANGARA','CHURIN',2,150900),(151001,'YAUYOS','YAUYOS',2,151000),(151002,'ALIS','ALIS',2,151000),(151003,'AYAUCA','AYAUCA',2,151000),(151004,'AYAVIRI','AYAVIRI',2,151000),(151005,'AZANGARO','AZANGARO',2,151000),(151006,'CACRA','CACRA',2,151000),(151007,'CARANIA','CARANIA',2,151000),(151008,'CATAHUASI','CATAHUASI',1,151000),(151009,'CHOCOS','CHOCOS',2,151000),(151010,'COCHAS','COCHAS',2,151000),(151011,'COLONIA','COLONIA',2,151000),(151012,'HONGOS','HONGOS',2,151000),(151013,'HUAMPARA','HUAMPARA',2,151000),(151014,'HUANCAYA','HUANCAYA',2,151000),(151015,'HUANGASCAR','HUANGASCAR',2,151000),(151016,'HUANTAN','HUANTAN',2,151000),(151017,'HUA','HUA',2,151000),(151018,'LARAOS','LARAOS',2,151000),(151019,'LINCHA','LINCHA',2,151000),(151020,'MADEAN','MADEAN',2,151000),(151021,'MIRAFLORES','MIRAFLORES',2,151000),(151022,'OMAS','OMAS',1,151000),(151023,'PUTINZA','SAN LORENZO DE PUTINZA',1,151000),(151024,'QUINCHES','QUINCHES',2,151000),(151025,'QUINOCAY','QUINOCAY',2,151000),(151026,'SAN JOAQUIN','SAN JOAQUIN',2,151000),(151027,'SAN PEDRO DE PILAS','SAN PEDRO DE PILAS',2,151000),(151028,'TANTA','TANTA',2,151000),(151029,'TAURIPAMPA','TAURIPAMPA',2,151000),(151030,'TOMAS','TOMAS',2,151000),(151031,'TUPE','TUPE',2,151000),(151032,'VI','VI',2,151000),(151033,'VITIS','VITIS',2,151000),(160101,'IQUITOS','IQUITOS',4,160100),(160102,'ALTO NANAY','SANTA MARIA DE NANAY',4,160100),(160103,'FERNANDO LORES','TAMSHIYACU',4,160100),(160104,'INDIANA','INDIANA',4,160100),(160105,'LAS AMAZONAS','FRANCISCO DE ORELLANA',4,160100),(160106,'MAZAN','MAZAN',4,160100),(160107,'NAPO','SANTA CLOTILDE',4,160100),(160108,'PUNCHANA','PUNCHANA',4,160100),(160109,'PUTUMAYO','PUCA URCO',4,160100),(160110,'TORRES CAUSANA','PANTOJA',4,160100),(160111,'YAQUERANA','BOLOGNESI',4,160100),(160201,'YURIMAGUAS','YURIMAGUAS',4,160200),(160202,'BALSAPUERTO','BALSAPUERTO',4,160200),(160203,'BARRANCA','BARRANCA',4,160200),(160204,'CAHUAPANAS','CAHUAPANAS',4,160200),(160205,'JEBEROS','JEBEROS',4,160200),(160206,'LAGUNAS','LAGUNAS',4,160200),(160207,'MANSERICHE','BORJA',4,160200),(160208,'MORONA','PUERTO AMERICA',4,160200),(160209,'PASTAZA','ANDOAS',4,160200),(160210,'SANTA CRUZ','SANTA CRUZ',4,160200),(160211,'TENIENTE CESAR LOPEZ ROJAS','SHUCUSHUYACU',4,160200),(160301,'NAUTA','NAUTA',4,160300),(160302,'PARINARI','PARINARI',4,160300),(160303,'TIGRE','INTUTU',4,160300),(160304,'TROMPETEROS','VILLA TROMPETEROS',4,160300),(160305,'URARINAS','CONCORDIA',4,160300),(160401,'RAMON CASTILLA','CABALLOCOCHA',4,160400),(160402,'PEBAS','PEBAS',4,160400),(160403,'YAVARI','AMELIA',4,160400),(160404,'SAN PABLO','SAN PABLO DE LORETO',4,160400),(160501,'REQUENA','REQUENA',4,160500),(160502,'ALTO TAPICHE','SANTA ELENA',4,160500),(160503,'CAPELO','FLOR DE PUNGA',4,160500),(160504,'EMILIO SAN MARTIN','TAMANCO',4,160500),(160505,'MAQUIA','SANTA ISABEL',4,160500),(160506,'PUINAHUA','BRETA',4,160500),(160507,'SAQUENA','BAGAZAN',4,160500),(160508,'SOPLIN','NUEVA ALEJANDRIA',4,160500),(160509,'TAPICHE','IBERIA',4,160500),(160510,'JENARO HERRERA','JENARO HERRERA',4,160500),(160601,'CONTAMANA','CONTAMANA',4,160600),(160602,'INAHUAYA','INAHUAYA',3,160600),(160603,'PADRE MARQUEZ','TIRUNTAN',3,160600),(160604,'PAMPA HERMOSA','PAMPA HERMOSA',4,160600),(160605,'SARAYACU','DOS DE MAYO',4,160600),(160606,'VARGAS GUERRA','ORELLANA',4,160600),(170101,'TAMBOPATA','PUERTO MALDONADO',4,170100),(170102,'INAMBARI','MAZUKO',4,170100),(170103,'LAS PIEDRAS','LAS PIEDRAS',4,170100),(170104,'LABERINTO','PTO. ROSARIO DE LABERINTO',4,170100),(170201,'MANU','MANU',4,170200),(170202,'FITZCARRALD','FITZCARRALD',2,170200),(170203,'MADRE DE DIOS','MADRE DE DIOS',4,170200),(170301,'I','I',4,170300),(170302,'IBERIA','IBERIA',4,170300),(170303,'TAHUAMANU','SAN LORENZO',4,170300),(180101,'MOQUEGUA','MOQUEGUA',1,180100),(180102,'CARUMAS','CARUMAS',2,180100),(180103,'CUCHUMBAYA','CUCHUMBAYA',2,180100),(180104,'SAMEGUA','SAMEGUA',1,180100),(180105,'SAN CRISTOBAL','CALACOA',2,180100),(180106,'TORATA','TORATA',2,180100),(180201,'OMATE','OMATE',2,180200),(180202,'CHOJATA','CHOJATA',2,180200),(180203,'COALAQUE','COALAQUE',2,180200),(180204,'ICHU','ICHU',2,180200),(180205,'LA CAPILLA','LA CAPILLA',2,180200),(180206,'LLOQUE','LLOQUE',2,180200),(180207,'MATALAQUE','MATALAQUE',2,180200),(180208,'PUQUINA','PUQUINA',2,180200),(180209,'QUINISTAQUILLAS','QUINISTAQUILLAS',2,180200),(180210,'UBINAS','UBINAS',2,180200),(180211,'YUNGA','YUNGA',2,180200),(180301,'ILO','ILO',1,180300),(180302,'EL ALGARROBAL','EL ALGARROBAL',1,180300),(180303,'PACOCHA','PUEBLO NUEVO',1,180300),(190101,'CHAUPIMARCA','CERRO DE PASCO',2,190100),(190102,'HUACHON','HUACHON',2,190100),(190103,'HUARIACA','HUARIACA',2,190100),(190104,'HUAYLLAY','HUAYLLAY',2,190100),(190105,'NINACACA','NINACACA',2,190100),(190106,'PALLANCHACRA','PALLANCHACRA',2,190100),(190107,'PAUCARTAMBO','PAUCARTAMBO',2,190100),(190108,'SAN FCO.DE ASIS DE YARUSYAC','YARUSYACAN',2,190100),(190109,'SIMON BOLIVAR','SAN ANTONIO DE RANCAS',2,190100),(190110,'TICLACAYAN','TICLACAYAN',2,190100),(190111,'TINYAHUARCO','TINYAHUARCO',2,190100),(190112,'VICCO','VICCO',2,190100),(190113,'YANACANCHA','YANACANCHA',2,190100),(190201,'YANAHUANCA','YANAHUANCA',2,190200),(190202,'CHACAYAN','CHACAYAN',2,190200),(190203,'GOYLLARISQUIZGA','GOYLLARISQUIZGA',2,190200),(190204,'PAUCAR','PAUCAR',2,190200),(190205,'SAN PEDRO DE PILLAO','SAN PEDRO DE PILLAO',2,190200),(190206,'SANTA ANA DE TUSI','SANTA ANA DE TUSI',2,190200),(190207,'TAPUC','TAPUC',2,190200),(190208,'VILCABAMBA','VILCABAMBA',2,190200),(190301,'OXAPAMPA','OXAPAMPA',3,190300),(190302,'CHONTABAMBA','CHONTABAMBA',2,190300),(190303,'HUANCABAMBA','HUANCABAMBA',3,190300),(190304,'PALCAZU','ISCOZACIN',3,190300),(190305,'POZUZO','POZUZO',3,190300),(190306,'PUERTO BERMUDEZ','PUERTO BERMUDEZ',3,190300),(190307,'VILLA RICA','VILLA RICA',3,190300),(200101,'PIURA','PIURA',1,200100),(200104,'CASTILLA','CASTILLA',1,200100),(200105,'CATACAOS','CATACAOS',1,200100),(200107,'CURA MORI','CUCUNGARA',1,200100),(200108,'EL TALLAN','SINCHAO',1,200100),(200109,'LA ARENA','LA ARENA',1,200100),(200110,'LA UNION','LA UNION',1,200100),(200111,'LAS LOMAS','LAS LOMAS',1,200100),(200114,'TAMBO GRANDE','TAMBO GRANDE',1,200100),(200201,'AYABACA','AYABACA',2,200200),(200202,'FRIAS','FRIAS',1,200200),(200203,'JILILI','JILILI',1,200200),(200204,'LAGUNAS','LAGUNAS',2,200200),(200205,'MONTERO','MONTERO',1,200200),(200206,'PACAIPAMPA','PACAIPAMPA',2,200200),(200207,'PAIMAS','PAIMAS',1,200200),(200208,'SAPILLICA','SAPILLICA',1,200200),(200209,'SICCHEZ','SICCHEZ',1,200200),(200210,'SUYO','SUYO',1,200200),(200301,'HUANCABAMBA','HUANCABAMBA',2,200300),(200302,'CANCHAQUE','CANCHAQUE',1,200300),(200303,'EL CARMEN DE LA FRONTERA','SAPALACHE',2,200300),(200304,'HUARMACA','HUARMACA',2,200300),(200305,'LALAQUIZ','TUNAL',1,200300),(200306,'SAN MIGUEL DE EL FAIQUE','SAN MIGUEL DE EL FAIQUE',1,200300),(200307,'SONDOR','SONDOR',2,200300),(200308,'SONDORILLO','SONDORILLO',2,200300),(200401,'CHULUCANAS','CHULUCANAS',1,200400),(200402,'BUENOS AIRES','BUENOS AIRES',1,200400),(200403,'CHALACO','CHALACO',1,200400),(200404,'LA MATANZA','LA MATANZA',1,200400),(200405,'MORROPON','MORROPON',1,200400),(200406,'SALITRAL','SALITRAL',1,200400),(200407,'SAN JUAN DE BIGOTE','BIGOTE',1,200400),(200408,'SANTA CATALINA DE MOSSA','PALTASHACO',1,200400),(200409,'SANTO DOMINGO','SANTO DOMINGO',1,200400),(200410,'YAMANGO','YAMANGO',1,200400),(200501,'PAITA','PAITA',1,200500),(200502,'AMOTAPE','AMOTAPE',1,200500),(200503,'ARENAL','ARENAL',1,200500),(200504,'COLAN','SAN LUCAS',1,200500),(200505,'LA HUACA','LA HUACA',1,200500),(200506,'TAMARINDO','TAMARINDO',1,200500),(200507,'VICHAYAL','SAN FELIPE DE VICHAYAL',1,200500),(200601,'SULLANA','SULLANA',1,200600),(200602,'BELLAVISTA','BELLAVISTA',1,200600),(200603,'IGNACIO ESCUDERO','SAN JACINTO',1,200600),(200604,'LANCONES','LANCONES',1,200600),(200605,'MARCAVELICA','MARCAVELICA',1,200600),(200606,'MIGUEL CHECA','SOJO',1,200600),(200607,'QUERECOTILLO','QUERECOTILLO',1,200600),(200608,'SALITRAL','SALITRAL',1,200600),(200701,'PARI','TALARA',1,200700),(200702,'EL ALTO','EL ALTO',1,200700),(200703,'LA BREA','NEGRITOS',1,200700),(200704,'LOBITOS','LOBITOS',1,200700),(200705,'LOS ORGANOS','LOS ORGANOS',1,200700),(200706,'MANCORA','MANCORA',1,200700),(200801,'SECHURA','SECHURA',1,200800),(200802,'BELLAVISTA DE LA UNION','BELLAVISTA',1,200800),(200803,'BERNAL','BERNAL',1,200800),(200804,'CRISTO NOS VALGA','SAN CRISTO',1,200800),(200805,'VICE','VICE',1,200800),(200806,'RINCONADA LLICUAR','DOS PUEBLOS',1,200800),(210101,'PUNO','PUNO',2,210100),(210102,'ACORA','ACORA',2,210100),(210103,'AMANTANI','AMANTANI',2,210100),(210104,'ATUNCOLLA','ATUNCOLLA',2,210100),(210105,'CAPACHICA','CAPACHICA',2,210100),(210106,'CHUCUITO','CHUCUITO',2,210100),(210107,'COATA','COATA',2,210100),(210108,'HUATA','HUATA',2,210100),(210109,'MAAZO','MAAZO',2,210100),(210110,'PAUCARCOLLA','PAUCARCOLLA',2,210100),(210111,'PICHACANI','LARAQUERI',2,210100),(210112,'PLATERIA','PLATERIA',2,210100),(210113,'SAN ANTONIO','SAN ANTONIO DE ESQUILACHE',2,210100),(210114,'TIQUILLACA','TIQUILLACA',2,210100),(210115,'VILQUE','VILQUE',2,210100),(210201,'AZANGARO','AZANGARO',2,210200),(210202,'ACHAYA','ACHAYA',2,210200),(210203,'ARAPA','ARAPA',2,210200),(210204,'ASILLO','ASILLO',2,210200),(210205,'CAMINACA','CAMINACA',2,210200),(210206,'CHUPA','CHUPA',2,210200),(210207,'JOSE DOMINGO CHOQUEHUANCA','ESTACION DE PUCARA',2,210200),(210208,'MUANI','MUANI',2,210200),(210209,'POTONI','POTONI',2,210200),(210210,'SAMAN','SAMAN',2,210200),(210211,'SAN ANTON','SAN ANTON',2,210200),(210212,'SAN JOSE','SAN JOSE',2,210200),(210213,'SAN JUAN DE SALINAS','SAN JUAN DE SALINAS',2,210200),(210214,'SANTIAGO DE PUPUJA','SANTIAGO DE PUPUJA',2,210200),(210215,'TIRAPATA','TIRAPATA',2,210200),(210301,'MACUSANI','MACUSANI',2,210300),(210302,'AJOYANI','AJOYANI',2,210300),(210303,'AYAPATA','AYAPATA',2,210300),(210304,'COASA','COASA',2,210300),(210305,'CORANI','CORANI',2,210300),(210306,'CRUCERO','CRUCERO',2,210300),(210307,'ITUATA  ','ITUATA',2,210300),(210308,'OLLACHEA','OLLACHEA',2,210300),(210309,'SAN GABAN','LANLACUNI BAJO',3,210300),(210310,'USICAYOS','USICAYOS',2,210300),(210401,'JULI','JULI',2,210400),(210402,'DESAGUADERO','DESAGUADERO',2,210400),(210403,'HUACULLANI','HUACULLANI',2,210400),(210404,'KELLUYO','KELLUYO',2,210400),(210405,'PISACOMA','PISACOMA',2,210400),(210406,'POMATA','POMATA',2,210400),(210407,'ZEPITA','ZEPITA',2,210400),(210501,'ILAVE','ILAVE',2,210500),(210502,'CAPAZO','CAPAZO',2,210500),(210503,'PILCUYO','PILCUYO',2,210500),(210504,'SANTA ROSA','MAZO',2,210500),(210505,'CONDURIRI','CONDURIRI',2,210500),(210601,'HUANCANE','HUANCANE',2,210600),(210602,'COJATA','COJATA',2,210600),(210603,'HUATASANI','HUATASANI',2,210600),(210604,'INCHUPALLA','INCHUPALLA',2,210600),(210605,'PUSI','PUSI',2,210600),(210606,'ROSASPATA','ROSASPATA',2,210600),(210607,'TARACO','TARACO',2,210600),(210608,'VILQUE CHICO','VILQUE CHICO',2,210600),(210701,'LAMPA','LAMPA',2,210700),(210702,'CABANILLA','CABANILLA',2,210700),(210703,'CALAPUJA','CALAPUJA',2,210700),(210704,'NICASIO','NICASIO',2,210700),(210705,'OCUVIRI','OCUVIRI',2,210700),(210706,'PALCA','PALCA',2,210700),(210707,'PARATIA','PARATIA',2,210700),(210708,'PUCARA','PUCARA',2,210700),(210709,'SANTA LUCIA','SANTA LUCIA',2,210700),(210710,'VILAVILA','VILAVILA',2,210700),(210801,'AYAVIRI','AYAVIRI',2,210800),(210802,'ANTAUTA','ANTAUTA',2,210800),(210803,'CUPI','CUPI',2,210800),(210804,'LLALLI','LLALLI',2,210800),(210805,'MACARI','MACARI',2,210800),(210806,'NUOA','NUOA',2,210800),(210807,'ORURILLO','ORURILLO',2,210800),(210808,'SANTA ROSA','SANTA ROSA',2,210800),(210809,'UMACHIRI','UMACHIRI',2,210800),(210901,'MOHO','MOHO',2,210900),(210902,'CONIMA','CONIMA',2,210900),(210903,'HUAYRAPATA','HUAYRAPATA',2,210900),(210904,'TILALI','TILALI',2,210900),(211001,'PUTINA','PUTINA',2,211000),(211002,'ANANEA','ANANEA',2,211000),(211003,'PEDRO VILCA APAZA','AYRAMPUNI',2,211000),(211004,'QUILCAPUNCU','QUILCAPUNCU',2,211000),(211005,'SINA','SINA',2,211000),(211101,'JULIACA','JULIACA',2,211100),(211102,'CABANA','CABANA',2,211100),(211103,'CABANILLAS','DEUSTUA',2,211100),(211104,'CARACOTO','CARACOTO',2,211100),(211105,'SAN MIGUEL','SAN MIGUEL',2,211100),(211201,'SANDIA','SANDIA',2,211200),(211202,'CUYOCUYO','CUYOCUYO',2,211200),(211203,'LIMBANI','LIMBANI',2,211200),(211204,'PATAMBUCO','PATAMBUCO',2,211200),(211205,'PHARA','PHARA',2,211200),(211206,'QUIACA','QUIACA',2,211200),(211207,'SAN JUAN DEL ORO','SAN JUAN DEL ORO',3,211200),(211208,'YANAHUAYA','YANAHUAYA',3,211200),(211209,'ALTO INAMBARI','MASSIAPO',3,211200),(211301,'YUNGUYO','YUNGUYO',2,211300),(211302,'ANAPIA','ANAPIA',2,211300),(211303,'COPANI','COPANI',2,211300),(211304,'CUTURAPI','SAN JUAN DE CUTURAPI',2,211300),(211305,'OLLARAYA','SAN MIGUEL DE OLLARAYA',2,211300),(211306,'TINICACHI','TINICACHI',2,211300),(211307,'UNICACHI','MARCAJA',2,211300),(220101,'MOYOBAMBA','MOYOBAMBA',3,220100),(220102,'CALZADA','CALZADA',3,220100),(220103,'HABANA','HABANA',3,220100),(220104,'JEPELACIO','JEPELACIO',3,220100),(220105,'SORITOR','SORITOR',3,220100),(220106,'YANTALO','YANTALO',3,220100),(220201,'BELLAVISTA','BELLAVISTA',4,220200),(220202,'ALTO BIAVO','CUZCO',4,220200),(220203,'BAJO BIAVO','NUEVO LIMA',4,220200),(220204,'HUALLAGA','LEDOY',4,220200),(220205,'SAN PABLO','SAN PABLO',4,220200),(220206,'SAN RAFAEL','SAN RAFAEL',4,220200),(220301,'SAN JOSE DE SISA','SAN JOSE DE SISA',3,220300),(220302,'AGUA BLANCA','AGUA BLANCA',3,220300),(220303,'SAN MARTIN','SAN MARTIN',3,220300),(220304,'SANTA ROSA','SANTA ROSA',4,220300),(220305,'SHATOJA','SHATOJA',3,220300),(220401,'SAPOSOA','SAPOSOA',4,220400),(220402,'ALTO SAPOSOA','PASARRAYA',3,220400),(220403,'EL ESLABON','EL ESLABON',4,220400),(220404,'PISCOYACU','PISCOYACU',4,220400),(220405,'SACANCHE','SACANCHE',4,220400),(220406,'TINGO DE SAPOSOA','TINGO DE SAPOSOA',4,220400),(220501,'LAMAS','LAMAS',4,220500),(220502,'ALONSO DE ALVARADO','ROQUE',3,220500),(220503,'BARRANQUITA','BARRANQUITA',4,220500),(220504,'CAYNARACHI   1/','SHANUSI',4,220500),(220505,'CU','CU',4,220500),(220506,'PINTO RECODO','PINTO RECODO',4,220500),(220507,'RUMISAPA','RUMISAPA',4,220500),(220508,'SAN ROQUE DE CUMBAZA','SAN ROQUE DE CUMBAZA',3,220500),(220509,'SHANAO','SHANAO',4,220500),(220510,'TABALOSOS','TABALOSOS',4,220500),(220511,'ZAPATERO','ZAPATERO',3,220500),(220601,'JUANJUI','JUANJUI',4,220600),(220602,'CAMPANILLA','CAMPANILLA',4,220600),(220603,'HUICUNGO','HUICUNGO',4,220600),(220604,'PACHIZA','PACHIZA',4,220600),(220605,'PAJARILLO','PAJARILLO',4,220600),(220701,'PICOTA','PICOTA',4,220700),(220702,'BUENOS AIRES','BUENOS AIRES',4,220700),(220703,'CASPISAPA','CASPISAPA',4,220700),(220704,'PILLUANA','PILLUANA',4,220700),(220705,'PUCACACA','PUCACACA',4,220700),(220706,'SAN CRISTOBAL','PUERTO RICO',4,220700),(220707,'SAN HILARION','SAN CRISTOBAL DE SISA',4,220700),(220708,'SHAMBOYACU','SHAMBOYACU',3,220700),(220709,'TINGO DE PONASA','TINGO DE PONASA',4,220700),(220710,'TRES UNIDOS','TRES UNIDOS',3,220700),(220801,'RIOJA','RIOJA',3,220800),(220802,'AWAJUN','BAJO NARANJILLO',3,220800),(220803,'ELIAS SOPLIN VARGAS','SEGUNDA JERUSALEN',3,220800),(220804,'NUEVA CAJAMARCA','NUEVA CAJAMARCA',2,220800),(220805,'PARDO MIGUEL','NARANJOS',3,220800),(220806,'POSIC','POSIC',3,220800),(220807,'SAN FERNANDO','SAN FERNANDO',3,220800),(220808,'YORONGOS','YORONGOS',3,220800),(220809,'YURACYACU','YURACYACU',3,220800),(220901,'TARAPOTO','TARAPOTO',4,220900),(220902,'ALBERTO LEVEAU','UTCURARCA',4,220900),(220903,'CACATACHI','CACATACHI',4,220900),(220904,'CHAZUTA','CHAZUTA',4,220900),(220905,'CHIPURANA','NAVARRO',4,220900),(220906,'EL PORVENIR','PELEJO',4,220900),(220907,'HUIMBAYOC','HUIMBAYOC',4,220900),(220908,'JUAN GUERRA','JUAN GUERRA',4,220900),(220909,'LA BANDA DE SHILCAYO','LA BANDA',4,220900),(220910,'MORALES','MORALES',4,220900),(220911,'PAPAPLAYA','PAPAPLAYA',4,220900),(220912,'SAN ANTONIO','SAN ANTONIO',4,220900),(220913,'SAUCE','SAUCE',3,220900),(220914,'SHAPAJA','SHAPAJA',4,220900),(221001,'TOCACHE','TOCACHE',4,221000),(221002,'NUEVO PROGRESO','NUEVO PROGRESO',4,221000),(221003,'POLVORA','POLVORA',4,221000),(221004,'SHUNTE','TAMBO DE PAJA',4,221000),(221005,'UCHIZA','UCHIZA',4,221000),(230101,'TACNA','TACNA',1,230100),(230102,'ALTO DE LA ALIANZA','LA ESPERANZA',1,230100),(230103,'CALANA','CALANA',1,230100),(230104,'CIUDAD NUEVA','CIUDAD NUEVA',1,230100),(230105,'INCLAN','SAMA GRANDE',1,230100),(230106,'PACHIA','PACHIA',1,230100),(230107,'PALCA','PALCA',2,230100),(230108,'POCOLLAY','POCOLLAY',1,230100),(230109,'SAMA','LA YARADA',1,230100),(230110,'LA YARADA ','LOS PALOS',1,230100),(230111,'CORONEL GREGORIO ALBARRACIN LANCHIPA','ALFONSO UGARTE',1,230100),(230201,'CANDARAVE','CANDARAVE',2,230200),(230202,'CAIRANI','CAIRANI',2,230200),(230203,'CAMILACA','CAMILACA',2,230200),(230204,'CURIBAYA','CURIBAYA',2,230200),(230205,'HUANUARA','HUANUARA',2,230200),(230206,'QUILAHUANI','QUILAHUANI',2,230200),(230301,'LOCUMBA','LOCUMBA',1,230300),(230302,'ILABAYA','ILABAYA',1,230300),(230303,'ITE','ITE',1,230300),(230401,'TARATA','TARATA',2,230400),(230402,'CHUCATAMANI','CHUCATAMANI',2,230400),(230403,'ESTIQUE','ESTIQUE',2,230400),(230404,'ESTIQUE','ESTIQUE',2,230400),(230405,'SITAJARA','SITAJARA',2,230400),(230406,'SUSAPAYA','SUSAPAYA',2,230400),(230407,'TARUCACHI','TARUCACHI',2,230400),(230408,'TICACO','TICACO',2,230400),(240101,'TUMBES','TUMBES',1,240100),(240102,'CORRALES','SAN PEDRO DE LOS INCAS',1,240100),(240103,'LA CRUZ','CALETA CRUZ',1,240100),(240104,'PAMPAS DE HOSPITAL','PAMPAS DE HOSPITAL',1,240100),(240105,'SAN JACINTO','SAN JACINTO',1,240100),(240106,'SAN JUAN DE LA VIRGEN','SAN JUAN DE LA VIRGEN',1,240100),(240201,'ZORRITOS','ZORRITOS',1,240200),(240202,'CASITAS','CA',1,240200),(240301,'ZARUMILLA','ZARUMILLA',1,240300),(240302,'AGUAS VERDES','AGUAS VERDES',1,240300),(240303,'MATAPALO','MATAPALO',1,240300),(240304,'PAPAYAL','PAPAYAL',1,240300),(250101,'CALLARIA','PUCALLPA',4,250100),(250102,'CAMPOVERDE','CAMPOVERDE',4,250100),(250103,'IPARIA','IPARIA',4,250100),(250104,'MASISEA','MASISEA',4,250100),(250105,'YARINACOCHA','PUERTO CALLAO',4,250100),(250106,'NUEVA REQUENA','NUEVA REQUENA',4,250100),(250201,'RAYMONDI','ATALAYA',4,250100),(250202,'SEPAHUA','SEPAHUA',4,250100),(250203,'TAHUANIA','BOLOGNESI',4,250100),(250204,'YURUA','BREU',4,250100),(250301,'PADRE ABAD','AGUAYTIA',3,250100),(250302,'IRAZOLA','SAN ALEJANDRO',4,250100),(250303,'CURIMANA','CURIMANA',4,250100),(250401,'PURUS','ESPERANZA',4,250100);
/*!40000 ALTER TABLE `global_distritos` ENABLE KEYS */;
UNLOCK TABLES;

--
-- Table structure for table `global_provincias`
--

DROP TABLE IF EXISTS `global_provincias`;
/*!40101 SET @saved_cs_client     = @@character_set_client */;
/*!50503 SET character_set_client = utf8mb4 */;
CREATE TABLE `global_provincias` (
  `Cod_dpt` int(11) NOT NULL,
  `Cod_pvi` double(53,0) NOT NULL,
  `Des_pvi` varchar(100) CHARACTER SET utf8 COLLATE utf8_spanish_ci DEFAULT NULL,
  `Des_cap` varchar(100) CHARACTER SET utf8 COLLATE utf8_spanish_ci DEFAULT NULL,
  `cod` int(11) NOT NULL AUTO_INCREMENT,
  PRIMARY KEY (`cod`)
) ENGINE=InnoDB AUTO_INCREMENT=195 DEFAULT CHARSET=utf8;
/*!40101 SET character_set_client = @saved_cs_client */;

--
-- Dumping data for table `global_provincias`
--

LOCK TABLES `global_provincias` WRITE;
/*!40000 ALTER TABLE `global_provincias` DISABLE KEYS */;
INSERT INTO `global_provincias` VALUES (10000,10100,'CHACHAPOYAS','CHACHAPOYAS',1),(10000,10200,'BAGUA','BAGUA',2),(10000,10300,'BONGARA','JUMBILLA',3),(10000,10400,'CONDORCANQUI','SANTA MARIA DE NIEVA',4),(10000,10500,'LUYA','LAMUD',5),(10000,10600,'RODRIGUEZ DE MENDOZA','MENDOZA',6),(10000,10700,'UTCUBAMBA','BAGUA GRANDE',7),(20000,20100,'HUARAZ','HUARAZ',8),(20000,20200,'AIJA','AIJA',9),(20000,20300,'ANTONIO RAYMONDI','LLAMELLIN',10),(20000,20400,'ASUNCION','CHACAS',11),(20000,20500,'BOLOGNESI','CHIQUIAN',12),(20000,20600,'CARHUAZ','CARHUAZ',13),(20000,20700,'CARLOS F. FITZCARRALD','SAN LUIS',14),(20000,20800,'CASMA','CASMA',15),(20000,20900,'CORONGO','CORONGO',16),(20000,21000,'HUARI','HUARI',17),(20000,21100,'HUARMEY','HUARMEY',18),(20000,21200,'HUAYLAS','CARAZ',19),(20000,21300,'MARISCAL LUZURIAGA','PISCOBAMBA',20),(20000,21400,'OCROS','OCROS',21),(20000,21500,'PALLASCA','CABANA',22),(20000,21600,'POMABAMBA','POMABAMBA',23),(20000,21700,'RECUAY','RECUAY',24),(20000,21800,'SANTA','CHIMBOTE',25),(20000,21900,'SIHUAS','SIHUAS',26),(20000,22000,'YUNGAY','YUNGAY',27),(30000,30100,'ABANCAY','ABANCAY',28),(30000,30200,'ANDAHUAYLAS','ANDAHUAYLAS',29),(30000,30300,'ANTABAMBA','ANTABAMBA',30),(30000,30400,'AYMARAES','CHALHUANCA',31),(30000,30500,'COTABAMBAS','TAMBOBAMBA',32),(30000,30600,'CHINCHEROS','CHINCHEROS',33),(30000,30700,'GRAU','CHUQUIBAMBILLA',34),(40000,40100,'AREQUIPA','AREQUIPA',35),(40000,40200,'CAMANA','CAMANA',36),(40000,40300,'CARAVELI','CARAVELI',37),(40000,40400,'CASTILLA','APLAO',38),(40000,40500,'CAYLLOMA','CHIVAY',39),(40000,40600,'CONDESUYOS','CHUQUIBAMBA',40),(40000,40700,'ISLAY','MOLLENDO',41),(40000,40800,'LA UNION','COTAHUASI',42),(50000,50100,'HUAMANGA','AYACUCHO',43),(50000,50200,'CANGALLO','CANGALLO',44),(50000,50300,'HUANCA SANCOS','HUANCA SANCOS',45),(50000,50400,'HUANTA','HUANTA',46),(50000,50500,'LA MAR','SAN MIGUEL',47),(50000,50600,'LUCANAS','PUQUIO',48),(50000,50700,'PARINACOCHAS','CORACORA',49),(50000,50800,'PAUCAR DEL SARA SARA','PAUSA',50),(50000,50900,'SUCRE','QUEROBAMBA',51),(50000,51000,'VICTOR FAJARDO','HUANCAPI',52),(50000,51100,'VILCAS HUAMAN','VILCAS HUAMAN',53),(60000,60100,'CAJAMARCA','CAJAMARCA',54),(60000,60200,'CAJABAMBA','CAJABAMBA',55),(60000,60300,'CELENDIN','CELENDIN',56),(60000,60400,'CHOTA','CHOTA',57),(60000,60500,'CONTUMAZA','CONTUMAZA',58),(60000,60600,'CUTERVO','CUTERVO',59),(60000,60700,'HUALGAYOC','BAMBAMARCA',60),(60000,60800,'JAEN','JAEN',61),(60000,60900,'SAN IGNACIO','SAN IGNACIO',62),(60000,61000,'SAN MARCOS','SAN MARCOS',63),(60000,61100,'SAN MIGUEL','SAN MIGUEL DE PALLAQUES',64),(60000,61200,'SAN PABLO','SAN PABLO',65),(60000,61300,'SANTA CRUZ','SANTA CRUZ DE SUCCHABAMBA',66),(70000,70100,'CALLAO','CALLAO',67),(80000,80100,'CUSCO','CUSCO',68),(80000,80200,'ACOMAYO','ACOMAYO',69),(80000,80300,'ANTA','ANTA',70),(80000,80400,'CALCA','CALCA',71),(80000,80500,'CANAS','YANAOCA',72),(80000,80600,'CANCHIS','SICUANI',73),(80000,80700,'CHUMBIVILCAS','SANTO TOMAS',74),(80000,80800,'ESPINAR','YAURI (ESPINAR)',75),(80000,80900,'LA CONVENCION','QUILLABAMBA',76),(80000,81000,'PARURO','PARURO',77),(80000,81100,'PAUCARTAMBO','PAUCARTAMBO',78),(80000,81200,'QUISPICANCHI','URCOS',79),(80000,81300,'URUBAMBA','URUBAMBA',80),(90000,90100,'HUANCAVELICA','HUANCAVELICA',81),(90000,90200,'ACOBAMBA','ACOBAMBA',82),(90000,90300,'ANGARAES','LIRCAY',83),(90000,90400,'CASTROVIRREYNA','CASTROVIRREYNA',84),(90000,90500,'CHURCAMPA','CHURCAMPA',85),(90000,90600,'HUAYTARA','HUAYTARA',86),(90000,90700,'TAYACAJA','PAMPAS',87),(100000,100100,'HUANUCO','HUANUCO',88),(100000,100200,'AMBO','AMBO',89),(100000,100300,'DOS DE MAYO','LA UNION',90),(100000,100400,'HUACAYBAMBA','HUACAYBAMBA',91),(100000,100500,'HUAMALIES','LLATA',92),(100000,100600,'LEONCIO PRADO','TINGO MARIA',93),(100000,100700,'MARA','HUACRACHUCO',94),(100000,100800,'PACHITEA','PANAO',95),(100000,100900,'PUERTO INCA','PUERTO INCA',96),(100000,101000,'LAURICOCHA','JESUS',97),(100000,101100,'YAROWILCA','CHAVINILLO',98),(110000,110100,'ICA','ICA',99),(110000,110200,'CHINCHA','CHINCHA ALTA',100),(110000,110300,'NAZCA','NAZCA',101),(110000,110400,'PALPA','PALPA',102),(110000,110500,'PISCO','PISCO',103),(120000,120100,'HUANCAYO','HUANCAYO',104),(120000,120200,'CONCEPCION','CONCEPCION',105),(120000,120300,'CHANCHAMAYO','LA MERCED',106),(120000,120400,'JAUJA','JAUJA',107),(120000,120500,'JUNIN','JUNIN',108),(120000,120600,'SATIPO','SATIPO',109),(120000,120700,'TARMA','TARMA',110),(120000,120800,'YAULI','LA OROYA',111),(120000,120900,'CHUPACA','CHUPACA',112),(130000,130100,'TRUJILLO','TRUJILLO',113),(130000,130200,'ASCOPE','ASCOPE',114),(130000,130300,'BOLIVAR','BOLIVAR',115),(130000,130400,'CHEPEN','CHEPEN',116),(130000,130500,'JULCAN','JULCAN',117),(130000,130600,'OTUZCO','OTUZCO',118),(130000,130700,'PACASMAYO','SAN PEDRO DE LLOC',119),(130000,130800,'PATAZ','TAYABAMBA',120),(130000,130900,'SANCHEZ CARRION','HUAMACHUCO',121),(130000,131000,'SANTIAGO DE CHUCO','SANTIAGO DE CHUCO',122),(130000,131100,'GRAN CHIMU','CASCAS',123),(130000,131200,'VIRU','VIRU',124),(140000,140100,'CHICLAYO','CHICLAYO',125),(140000,140200,'FERRE','FERRE',126),(140000,140300,'LAMBAYEQUE','LAMBAYEQUE',127),(150000,150100,'LIMA','LIMA',128),(150000,150200,'BARRANCA','BARRANCA',129),(150000,150300,'CAJATAMBO','CAJATAMBO',130),(150000,150400,'CANTA','CANTA',131),(150000,150500,'CA','SAN VICENTE DE CA',132),(150000,150600,'HUARAL','HUARAL',133),(150000,150700,'HUAROCHIRI','MATUCANA',134),(150000,150800,'HUAURA','HUACHO',135),(150000,150900,'OYON','OYON',136),(150000,151000,'YAUYOS','YAUYOS',137),(160000,160100,'MAYNAS','IQUITOS',138),(160000,160200,'ALTO AMAZONAS','YURIMAGUAS',139),(160000,160300,'LORETO','NAUTA',140),(160000,160400,'MARISCAL RAMON CASTILLA','CABALLOCOCHA',141),(160000,160500,'REQUENA','REQUENA',142),(160000,160600,'UCAYALI','CONTAMANA',143),(170000,170100,'TAMBOPATA','PUERTO MALDONADO',144),(170000,170200,'MANU','MANU',145),(170000,170300,'TAHUAMANU','I',146),(180000,180100,'MARISCAL NIETO','MOQUEGUA',147),(180000,180200,'GENERAL SANCHEZ CERRO','OMATE',148),(180000,180300,'ILO','ILO',149),(190000,190100,'PASCO','CERRO DE PASCO',150),(190000,190200,'DANIEL ALCIDES CARRION','YANAHUANCA',151),(190000,190300,'OXAPAMPA','OXAPAMPA',152),(200000,200100,'PIURA','PIURA',153),(200000,200200,'AYABACA','AYABACA',154),(200000,200300,'HUANCABAMBA','HUANCABAMBA',155),(200000,200400,'MORROPON','CHULUCANAS',156),(200000,200500,'PAITA','PAITA',157),(200000,200600,'SULLANA','SULLANA',158),(200000,200700,'TALARA','TALARA',159),(200000,200800,'SECHURA','SECHURA',160),(210000,210100,'PUNO','PUNO',161),(210000,210200,'AZANGARO','AZANGARO',162),(210000,210300,'CARABAYA','MACUSANI',163),(210000,210400,'CHUCUITO','JULI',164),(210000,210500,'EL COLLAO','ILAVE',165),(210000,210600,'HUANCANE','HUANCANE',166),(210000,210700,'LAMPA','LAMPA',167),(210000,210800,'MELGAR','AYAVIRI',168),(210000,210900,'MOHO','MOHO',169),(210000,211000,'SAN ANTONIO DE PUTINA','PUTINA',170),(210000,211100,'SAN ROMAN','JULIACA',171),(210000,211200,'SANDIA','SANDIA',172),(210000,211300,'YUNGUYO','YUNGUYO',173),(220000,220100,'MOYOBAMBA','MOYOBAMBA',174),(220000,220200,'BELLAVISTA','BELLAVISTA',175),(220000,220300,'EL DORADO','SAN JOSE DE SISA',176),(220000,220400,'HUALLAGA','SAPOSOA',177),(220000,220500,'LAMAS','LAMAS',178),(220000,220600,'MARISCAL CACERES','JUANJUI',179),(220000,220700,'PICOTA','PICOTA',180),(220000,220800,'RIOJA','RIOJA',181),(220000,220900,'SAN MARTIN','TARAPOTO',182),(220000,221000,'TOCACHE','TOCACHE',183),(230000,230100,'TACNA','TACNA',184),(230000,230200,'CANDARAVE','CANDARAVE',185),(230000,230300,'JORGE BASADRE','LOCUMBA',186),(230000,230400,'TARATA','TARATA',187),(240000,240100,'TUMBES','TUMBES',188),(240000,240200,'CONTRALMIRANTE VILLAR','ZORRITOS',189),(240000,240300,'ZARUMILLA','ZARUMILLA',190),(250000,250100,'CORONEL PORTILLO','PUCALLPA',191),(250000,250200,'ATALAYA','ATALAYA',192),(250000,250300,'PADRE ABAD','AGUAYTIA',193),(250000,250400,'PURUS','ESPERANZA',194);
/*!40000 ALTER TABLE `global_provincias` ENABLE KEYS */;
UNLOCK TABLES;

--
-- Table structure for table `gonsad_actividades`
--

DROP TABLE IF EXISTS `gonsad_actividades`;
/*!40101 SET @saved_cs_client     = @@character_set_client */;
/*!50503 SET character_set_client = utf8mb4 */;
CREATE TABLE `gonsad_actividades` (
  `idactivades` int(11) NOT NULL AUTO_INCREMENT,
  `item` varchar(255) COLLATE utf8_spanish2_ci NOT NULL,
  `dias` int(11) NOT NULL DEFAULT '0',
  `parcial` float NOT NULL DEFAULT '0',
  `estadia` float NOT NULL DEFAULT '0',
  `subtotal` float NOT NULL DEFAULT '0',
  `idproyecto` int(11) NOT NULL DEFAULT '0',
  `fecCreate` datetime NOT NULL DEFAULT CURRENT_TIMESTAMP,
  PRIMARY KEY (`idactivades`)
) ENGINE=InnoDB DEFAULT CHARSET=utf8 COLLATE=utf8_spanish2_ci;
/*!40101 SET character_set_client = @saved_cs_client */;

--
-- Dumping data for table `gonsad_actividades`
--

LOCK TABLES `gonsad_actividades` WRITE;
/*!40000 ALTER TABLE `gonsad_actividades` DISABLE KEYS */;
/*!40000 ALTER TABLE `gonsad_actividades` ENABLE KEYS */;
UNLOCK TABLES;

--
-- Table structure for table `gonsad_categorias`
--

DROP TABLE IF EXISTS `gonsad_categorias`;
/*!40101 SET @saved_cs_client     = @@character_set_client */;
/*!50503 SET character_set_client = utf8mb4 */;
CREATE TABLE `gonsad_categorias` (
  `nodoPadre` int(11) NOT NULL DEFAULT '0',
  `nodo` int(11) NOT NULL,
  `nombre` varchar(300) COLLATE utf8_spanish2_ci NOT NULL,
  `ruta` varchar(255) COLLATE utf8_spanish2_ci NOT NULL,
  `idproyecto` int(11) NOT NULL,
  PRIMARY KEY (`nodoPadre`,`nodo`)
) ENGINE=InnoDB DEFAULT CHARSET=utf8 COLLATE=utf8_spanish2_ci;
/*!40101 SET character_set_client = @saved_cs_client */;

--
-- Dumping data for table `gonsad_categorias`
--

LOCK TABLES `gonsad_categorias` WRITE;
/*!40000 ALTER TABLE `gonsad_categorias` DISABLE KEYS */;
INSERT INTO `gonsad_categorias` VALUES (0,1,'Consultora en obras de saneamiento y afines - Categora A','C:\\GONSAD\\IE_56268_AUSANTA',1),(0,2,'Consultora en obras electromecnicas, energticas, telecomunicaciones y afines - Categora A','C:\\GONSAD\\IE_56268_AUSANTA',1),(0,3,'Consultora en obras de represas , irrigaciones y afines - Categora B','C:\\GONSAD\\IE_56268_AUSANTA',1),(0,4,'Consultora en obras urbanas edificaciones y afines - Categora B','C:\\GONSAD\\IE_56268_AUSANTA',1),(0,5,'Consultora en obras viales, puertos y afines - Categora B','C:\\GONSAD\\IE_56268_AUSANTA',1),(4,41,'Viviendas','C:\\GONSAD\\IE_56268_AUSANTA',1),(5,51,'Obras de saneamiento','C:\\GONSAD\\IE_56268_AUSANTA',1),(41,411,'IE_56268_AUSANTA','C:\\GONSAD\\IE_56268_AUSANTA',1),(411,4111,'1. INDICE','C:\\GONSAD\\IE_56268_AUSANTA\\1. INDICE',1),(411,4112,'2. DOCUMENTOS ADMINISTRATIVOS','C:\\GONSAD\\IE_56268_AUSANTA\\2. DOCUMENTOS ADMINISTRATIVOS',1),(411,4113,'3. MEMORIA DESCRIPTIVA','C:\\GONSAD\\IE_56268_AUSANTA\\3. MEMORIA DESCRIPTIVA',1),(411,4114,'4. MEMORIA DE CALCULO','C:\\GONSAD\\IE_56268_AUSANTA\\4. MEMORIA DE CALCULO',1),(411,4115,'5. ESPECIFICACIONES TECNICAS','C:\\GONSAD\\IE_56268_AUSANTA\\5. ESPECIFICACIONES TECNICAS',1),(411,4116,'6. METRADOS','C:\\GONSAD\\IE_56268_AUSANTA\\6. METRADOS',1),(411,4117,'7. PRESUPUESTO','C:\\GONSAD\\IE_56268_AUSANTA\\7. PRESUPUESTO',1),(411,4118,'8. DIAGRAMA DE GANTT','C:\\GONSAD\\IE_56268_AUSANTA\\8. DIAGRAMA DE GANTT',1),(411,4119,'9. CRONOGRAMA DE EJECUCION','C:\\GONSAD\\IE_56268_AUSANTA\\9. CRONOGRAMA DE EJECUCION FISICO VALORIZADO',1),(411,4120,'10. CRONOGRAMA DE ADQUISICIN DE INSUMOS','C:\\GONSAD\\IE_56268_AUSANTA\\10. CRONOGRAMA DE ADQUISICION DE  INSUMOS',1),(411,4121,'11. ANEXOS ','C:\\GONSAD\\IE_56268_AUSANTA\\11. ANEXOS',1),(411,4122,'12. PLANOS','C:\\GONSAD\\IE_56268_AUSANTA\\12. PLANOS',1),(4114,41141,'4.1 ESTRUCTURAS','C:\\GONSAD\\IE_56268_AUSANTA\\4. MEMORIA DE CALCULO\\4.1 ESTRUCTURAS',1),(4114,41142,'4.2 IS SANITARIAS','C:\\GONSAD\\IE_56268_AUSANTA\\4. MEMORIA DE CALCULO\\4.2 IS SANITARIAS',1),(4114,41143,'4.3 IE. ELECTRICAS','C:\\GONSAD\\IE_56268_AUSANTA\\4. MEMORIA DE CALCULO\\4.3 IE. ELECTRICAS',1),(4117,41171,'7.01 HOJA DE CONSOLIDADO','C:\\GONSAD\\IE_56268_AUSANTA\\7. PRESUPUESTO\\7.01 HOJA DE CONSOLIDADO',1),(4117,41172,'7.02 PRESUPUESTO DE OBRA','C:\\GONSAD\\IE_56268_AUSANTA\\7. PRESUPUESTO\\7.02 PRESUPUESTO DE OBRA',1),(4117,41173,'7.03 PRESUPUESTO DE RECURSOS','C:\\GONSAD\\IE_56268_AUSANTA\\7. PRESUPUESTO\\7.03 PRESUPUESTO DE RECURSOS',1),(4117,41174,'7.04 ANALISIS DE COSTOS UNITARIOS','C:\\GONSAD\\IE_56268_AUSANTA\\7. PRESUPUESTO\\7.04 ANALISIS DE COSTOS UNITARIOS',1),(4117,41175,'7.05 COSTOS INDIRECTOS','C:\\GONSAD\\IE_56268_AUSANTA\\7. PRESUPUESTO\\7.05 COSTOS INDIRECTOS',1),(4117,41176,'7.06 COSTO HORA HOMBRE','C:\\GONSAD\\IE_56268_AUSANTA\\7. PRESUPUESTO\\7.06 COSTO HORA HOMBRE',1),(4117,41177,'7.07 RESUMEN DE COTIZACIONES','C:\\GONSAD\\IE_56268_AUSANTA\\7. PRESUPUESTO\\7.07 RESUMEN DE COTIZACIONES',1),(4117,41178,'7.08 FORMULA POLINOMICA','C:\\GONSAD\\IE_56268_AUSANTA\\7. PRESUPUESTO\\7.08 FORMULA POLINOMICA',1),(4121,41211,'11.1 SALUD OCUPACIONAL','C:\\GONSAD\\IE_56268_AUSANTA\\11. ANEXOS\\11.1 SALUD OCUPACIONAL',1),(4121,41212,'11.2 ESTUDIO DE CIRA','C:\\GONSAD\\IE_56268_AUSANTA\\11. ANEXOS\\11.2 ESTUDIO DE CIRA',1),(4121,41213,'11.3 ESTUDIO DE IMPACTO AMBIENTAL','C:\\GONSAD\\IE_56268_AUSANTA\\11. ANEXOS\\11.3 ESTUDIO DE IMPACTO AMBIENTAL',1),(4121,41214,'11.4 ESTUDIO DE SUELOS','C:\\GONSAD\\IE_56268_AUSANTA\\11. ANEXOS\\11.4 ESTUDIO DE SUELOS',1),(4121,41215,'11.5 ESTUDIO TOPOGRAFICO','C:\\GONSAD\\IE_56268_AUSANTA\\11. ANEXOS\\11.5 ESTUDIO TOPOGRAFICO',1),(4121,41216,'11.6 RIESGOS Y DESASTRES','C:\\GONSAD\\IE_56268_AUSANTA\\11. ANEXOS\\11.6 RIESGOS Y DESASTRES',1),(4121,41217,'11.7 3D RENDER','C:\\GONSAD\\IE_56268_AUSANTA\\11. ANEXOS\\11.7 3D RENDER',1),(4122,41221,'12.1 INDICE DE PLANO','C:\\GONSAD\\IE_56268_AUSANTA\\12. PLANOS\\12.1 INDICE DE PLANO',1),(4122,41222,'12.2 PLANOS  BASICOS','C:\\GONSAD\\IE_56268_AUSANTA\\12. PLANOS\\12.2 PLANOS  BASICOS',1),(4122,41223,'12.3 ARQUITECTURA','C:\\GONSAD\\IE_56268_AUSANTA\\12. PLANOS\\12.3 ARQUITECTURA',1),(4122,41224,'12.4 ESTRUCTURAS','C:\\GONSAD\\IE_56268_AUSANTA\\12. PLANOS\\12.4 ESTRUCTURAS',1),(4122,41225,'12.5  INSTALACIONES SANITARIAS','C:\\GONSAD\\IE_56268_AUSANTA\\12. PLANOS\\12.5  INSTALACIONES SANITARIAS',1),(4122,41226,'12.6  INSTALACIONES ELECTRICAS','C:\\GONSAD\\IE_56268_AUSANTA\\12. PLANOS\\12.6  INSTALACIONES ELECTRICAS',1),(41177,411771,'7.07.01 CUADROS COMPARATIVOS COTIZACIONES','C:\\GONSAD\\IE_56268_AUSANTA\\7. PRESUPUESTO\\7.07 RESUMEN DE COTIZACIONES\\7.07.01 CUADROS COMPARATIVOS COTIZACIONES',1),(41177,411772,'7.07.02 RESUMEN COTIZACIONES','C:\\GONSAD\\IE_56268_AUSANTA\\7. PRESUPUESTO\\7.07 RESUMEN DE COTIZACIONES\\7.07.02 RESUMEN COTIZACIONES',1),(41214,412141,'11.4 .1.0 MEMORIA DESCRIPTIVA','C:\\GONSAD\\IE_56268_AUSANTA\\11. ANEXOS\\11.4 ESTUDIO DE SUELOS\\1.0 MEMORIA DESCRIPTIVA',1),(41214,412142,'11.4.2.0 MEMORIA DE CALCULO','C:\\GONSAD\\IE_56268_AUSANTA\\11. ANEXOS\\11.4 ESTUDIO DE SUELOS\\2.0 MEMORIA DE CALCULO',1),(41214,412143,'11.4.3.0 PLANIMETRIA GENERAL','C:\\GONSAD\\IE_56268_AUSANTA\\11. ANEXOS\\11.4 ESTUDIO DE SUELOS\\3.0 PLANIMETRIA GENERAL',1),(41214,412144,'11.4.4.0 ANEXOS','C:\\GONSAD\\IE_56268_AUSANTA\\11. ANEXOS\\11.4 ESTUDIO DE SUELOS\\4.0 ANEXOS',1),(41216,412161,'1. INFORME','C:\\GONSAD\\IE_56268_AUSANTA\\11. ANEXOS\\11.6 RIESGOS Y DESASTRES\\1. INFORME',1),(41216,412162,'2. ANEXOS','C:\\GONSAD\\IE_56268_AUSANTA\\11. ANEXOS\\11.6 RIESGOS Y DESASTRES\\2. ANEXOS',1),(412142,4121421,'2.1 ANALISIS GRANULOMETRICO','C:\\GONSAD\\IE_56268_AUSANTA\\11. ANEXOS\\11.4 ESTUDIO DE SUELOS\\2.0 MEMORIA DE CALCULO\\2.1 ANALISIS GRANULOMETRICO',1),(412142,4121422,'2.2 CORTE DIRECTO','C:\\GONSAD\\IE_56268_AUSANTA\\11. ANEXOS\\11.4 ESTUDIO DE SUELOS\\2.0 MEMORIA DE CALCULO\\2.2 CORTE DIRECTO',1),(412142,4121423,'2.3 CAPACIDAD PORTANTE ADMISIBLE','C:\\GONSAD\\IE_56268_AUSANTA\\11. ANEXOS\\11.4 ESTUDIO DE SUELOS\\2.0 MEMORIA DE CALCULO\\2.3 CAPACIDAD PORTANTE ADMISIBLE',1),(412142,4121424,'2.4 ANALISIS QUIMICO','C:\\GONSAD\\IE_56268_AUSANTA\\11. ANEXOS\\11.4 ESTUDIO DE SUELOS\\2.0 MEMORIA DE CALCULO\\2.4 ANALISIS QUIMICO',1),(412143,4121431,'3.1 PLANO DE PERFIL DE SUELO orurillo','C:\\GONSAD\\IE_56268_AUSANTA\\11. ANEXOS\\11.4 ESTUDIO DE SUELOS\\3.0 PLANIMETRIA GENERAL\\3.1 PLANO DE PERFIL DE SUELO orurillo',1),(412143,4121432,'3.2 PLANO DE UBICACION DE CALICATAS','C:\\GONSAD\\IE_56268_AUSANTA\\11. ANEXOS\\11.4 ESTUDIO DE SUELOS\\3.0 PLANIMETRIA GENERAL\\3.2 PLANO DE UBICACION DE CALICATAS',1),(412144,4121441,'4.1 ESTUDIO DE CANTERAS Y FUENTES DE AGUA','C:\\GONSAD\\IE_56268_AUSANTA\\11. ANEXOS\\11.4 ESTUDIO DE SUELOS\\4.0 ANEXOS\\4.1 ESTUDIO DE CANTERAS Y FUENTES DE AGUA',1),(412144,4121442,'4.2 DISEO DE MEZCLAS','C:\\GONSAD\\IE_56268_AUSANTA\\11. ANEXOS\\11.4 ESTUDIO DE SUELOS\\4.0 ANEXOS\\4.2 DISEO DE MEZCLAS',1);
/*!40000 ALTER TABLE `gonsad_categorias` ENABLE KEYS */;
UNLOCK TABLES;

--
-- Table structure for table `gonsad_clientes`
--

DROP TABLE IF EXISTS `gonsad_clientes`;
/*!40101 SET @saved_cs_client     = @@character_set_client */;
/*!50503 SET character_set_client = utf8mb4 */;
CREATE TABLE `gonsad_clientes` (
  `idclientes` int(11) NOT NULL AUTO_INCREMENT,
  `nomcliente` varchar(255) COLLATE utf8_spanish2_ci NOT NULL,
  `raz_social` varchar(255) COLLATE utf8_spanish2_ci DEFAULT NULL,
  `ruc` varchar(11) COLLATE utf8_spanish2_ci DEFAULT NULL,
  `direccion` varchar(200) COLLATE utf8_spanish2_ci NOT NULL,
  `telefono` varchar(12) COLLATE utf8_spanish2_ci NOT NULL,
  `email` varchar(100) COLLATE utf8_spanish2_ci DEFAULT NULL,
  PRIMARY KEY (`idclientes`)
) ENGINE=InnoDB AUTO_INCREMENT=4 DEFAULT CHARSET=utf8 COLLATE=utf8_spanish2_ci;
/*!40101 SET character_set_client = @saved_cs_client */;

--
-- Dumping data for table `gonsad_clientes`
--

LOCK TABLES `gonsad_clientes` WRITE;
/*!40000 ALTER TABLE `gonsad_clientes` DISABLE KEYS */;
INSERT INTO `gonsad_clientes` VALUES (1,'GABRIEL PONCE','CONSORCIO JM S.A.C.','20454713061','AV. MARIANO MELGAR 109','9894562132','consorciojm@hotmial.com'),(2,'VITALIANO PEREZ PRADO','POZOS E INGENIERIA VITALIANO EIRL','20394040011','JR LAURENANO DEL AAGUILA MZ A LT 2 AA-HH LAS GAVIOTAS','9654654654',NULL),(3,'FERNANDO CASSA','GRUPO CASAS S.A.','2046545465','AV. ALMAGRO 123 URB LAS FLORES ','9758121212','fcasas@casas.com');
/*!40000 ALTER TABLE `gonsad_clientes` ENABLE KEYS */;
UNLOCK TABLES;

--
-- Table structure for table `gonsad_coorespecialidad`
--

DROP TABLE IF EXISTS `gonsad_coorespecialidad`;
/*!40101 SET @saved_cs_client     = @@character_set_client */;
/*!50503 SET character_set_client = utf8mb4 */;
CREATE TABLE `gonsad_coorespecialidad` (
  `idcoordespecialidad` int(11) NOT NULL AUTO_INCREMENT,
  `nombre` varchar(200) COLLATE utf8_spanish2_ci NOT NULL,
  `cargo` varchar(45) COLLATE utf8_spanish2_ci NOT NULL,
  `telefono` varchar(12) COLLATE utf8_spanish2_ci NOT NULL,
  `email` varchar(100) COLLATE utf8_spanish2_ci DEFAULT NULL,
  `idcoordinador` int(11) NOT NULL,
  `idgerencia` int(11) NOT NULL,
  PRIMARY KEY (`idcoordespecialidad`)
) ENGINE=InnoDB AUTO_INCREMENT=6 DEFAULT CHARSET=utf8 COLLATE=utf8_spanish2_ci;
/*!40101 SET character_set_client = @saved_cs_client */;

--
-- Dumping data for table `gonsad_coorespecialidad`
--

LOCK TABLES `gonsad_coorespecialidad` WRITE;
/*!40000 ALTER TABLE `gonsad_coorespecialidad` DISABLE KEYS */;
INSERT INTO `gonsad_coorespecialidad` VALUES (1,'SEBASTIAN ESTIGARRIBIA','ARQUITECTURA','9452321221','ss',1,2),(2,'MARISOL SANCHEZ SANCHEZ','ESTRUCTURAS','9532132132',NULL,1,2),(3,'ESTELA MONTE MONTE','INSTALACIONES ELECTRICAS Y COMUNICACIONES','956132132',NULL,2,2),(4,'GUSTAVO SALAS SALAS','INSTALACIONES SANITARIAS','321',NULL,1,3),(5,'WILFREDO HANCO HANCO','COSTOS, PRESUPUESTOS Y PROGRAMACION','655',NULL,1,1);
/*!40000 ALTER TABLE `gonsad_coorespecialidad` ENABLE KEYS */;
UNLOCK TABLES;

--
-- Table structure for table `gonsad_coorgeneral`
--

DROP TABLE IF EXISTS `gonsad_coorgeneral`;
/*!40101 SET @saved_cs_client     = @@character_set_client */;
/*!50503 SET character_set_client = utf8mb4 */;
CREATE TABLE `gonsad_coorgeneral` (
  `idcoordinador` int(11) NOT NULL,
  `nombre` varchar(255) COLLATE utf8_spanish2_ci NOT NULL,
  `cargo` varchar(200) COLLATE utf8_spanish2_ci NOT NULL,
  `telefono` varchar(12) COLLATE utf8_spanish2_ci NOT NULL,
  `email` varchar(100) COLLATE utf8_spanish2_ci DEFAULT NULL,
  `idgerencia` int(11) NOT NULL,
  PRIMARY KEY (`idcoordinador`)
) ENGINE=InnoDB DEFAULT CHARSET=utf8 COLLATE=utf8_spanish2_ci;
/*!40101 SET character_set_client = @saved_cs_client */;

--
-- Dumping data for table `gonsad_coorgeneral`
--

LOCK TABLES `gonsad_coorgeneral` WRITE;
/*!40000 ALTER TABLE `gonsad_coorgeneral` DISABLE KEYS */;
INSERT INTO `gonsad_coorgeneral` VALUES (1,'Carlos Sanchez Frias','Coordinador I','952334455','',2),(2,'Hugo Cevantes Vargas','Coordinador II','965465422',NULL,1);
/*!40000 ALTER TABLE `gonsad_coorgeneral` ENABLE KEYS */;
UNLOCK TABLES;

--
-- Table structure for table `gonsad_elementos`
--

DROP TABLE IF EXISTS `gonsad_elementos`;
/*!40101 SET @saved_cs_client     = @@character_set_client */;
/*!50503 SET character_set_client = utf8mb4 */;
CREATE TABLE `gonsad_elementos` (
  `id` int(11) NOT NULL AUTO_INCREMENT,
  `nodo` int(11) NOT NULL,
  `elemento` varchar(255) COLLATE utf8_spanish2_ci NOT NULL,
  PRIMARY KEY (`id`)
) ENGINE=InnoDB DEFAULT CHARSET=utf8 COLLATE=utf8_spanish2_ci;
/*!40101 SET character_set_client = @saved_cs_client */;

--
-- Dumping data for table `gonsad_elementos`
--

LOCK TABLES `gonsad_elementos` WRITE;
/*!40000 ALTER TABLE `gonsad_elementos` DISABLE KEYS */;
/*!40000 ALTER TABLE `gonsad_elementos` ENABLE KEYS */;
UNLOCK TABLES;

--
-- Table structure for table `gonsad_especialidades`
--

DROP TABLE IF EXISTS `gonsad_especialidades`;
/*!40101 SET @saved_cs_client     = @@character_set_client */;
/*!50503 SET character_set_client = utf8mb4 */;
CREATE TABLE `gonsad_especialidades` (
  `idEspecialidades` int(11) NOT NULL AUTO_INCREMENT,
  `nomespecialidad` varchar(255) COLLATE utf8_spanish2_ci NOT NULL,
  `nivel` int(11) NOT NULL DEFAULT '1',
  PRIMARY KEY (`idEspecialidades`)
) ENGINE=InnoDB AUTO_INCREMENT=6 DEFAULT CHARSET=utf8 COLLATE=utf8_spanish2_ci;
/*!40101 SET character_set_client = @saved_cs_client */;

--
-- Dumping data for table `gonsad_especialidades`
--

LOCK TABLES `gonsad_especialidades` WRITE;
/*!40000 ALTER TABLE `gonsad_especialidades` DISABLE KEYS */;
INSERT INTO `gonsad_especialidades` VALUES (1,'Consultora en obras de saneamiento y afines - Categora A',0),(2,'Consultora en obras de represas , irrigaciones y afines - Categora B',0),(3,'Consultora en obras urbanas edificaciones y afines - Categora B',0),(4,'Consultora en obras viales, puertos y afines - Categora B',0),(5,'Consultora en obras electromecnicas, energticas, telecomunicaciones y afines - Categora A',0);
/*!40000 ALTER TABLE `gonsad_especialidades` ENABLE KEYS */;
UNLOCK TABLES;

--
-- Table structure for table `gonsad_especialista`
--

DROP TABLE IF EXISTS `gonsad_especialista`;
/*!40101 SET @saved_cs_client     = @@character_set_client */;
/*!50503 SET character_set_client = utf8mb4 */;
CREATE TABLE `gonsad_especialista` (
  `idEspecialista` int(11) NOT NULL AUTO_INCREMENT,
  `nombre` varchar(150) COLLATE utf8_spanish2_ci NOT NULL,
  `especialidad` varchar(200) COLLATE utf8_spanish2_ci NOT NULL,
  `colegiatura` int(11) NOT NULL,
  PRIMARY KEY (`idEspecialista`)
) ENGINE=InnoDB AUTO_INCREMENT=4 DEFAULT CHARSET=utf8 COLLATE=utf8_spanish2_ci;
/*!40101 SET character_set_client = @saved_cs_client */;

--
-- Dumping data for table `gonsad_especialista`
--

LOCK TABLES `gonsad_especialista` WRITE;
/*!40000 ALTER TABLE `gonsad_especialista` DISABLE KEYS */;
INSERT INTO `gonsad_especialista` VALUES (1,'JAVIER SANCEHZ CERRO','Arquitecta',3212),(2,'MARIA ELENA MOYANO PEREZ','Economista',3455),(3,'KURTH BRYAM ACERO PACHO','Ingeniero de Sistemas',6888);
/*!40000 ALTER TABLE `gonsad_especialista` ENABLE KEYS */;
UNLOCK TABLES;

--
-- Table structure for table `gonsad_folders`
--

DROP TABLE IF EXISTS `gonsad_folders`;
/*!40101 SET @saved_cs_client     = @@character_set_client */;
/*!50503 SET character_set_client = utf8mb4 */;
CREATE TABLE `gonsad_folders` (
  `id` int(11) NOT NULL AUTO_INCREMENT,
  `name` varchar(255) COLLATE utf8_spanish2_ci NOT NULL,
  `parent_id` int(11) DEFAULT NULL,
  `path` varchar(255) COLLATE utf8_spanish2_ci NOT NULL,
  `idproyecto` int(11) NOT NULL,
  `anio` char(4) COLLATE utf8_spanish2_ci DEFAULT NULL,
  PRIMARY KEY (`id`),
  UNIQUE KEY `path_UNIQUE` (`path`)
) ENGINE=InnoDB AUTO_INCREMENT=6 DEFAULT CHARSET=utf8 COLLATE=utf8_spanish2_ci;
/*!40101 SET character_set_client = @saved_cs_client */;

--
-- Dumping data for table `gonsad_folders`
--

LOCK TABLES `gonsad_folders` WRITE;
/*!40000 ALTER TABLE `gonsad_folders` DISABLE KEYS */;
INSERT INTO `gonsad_folders` VALUES (1,'Consultora en obras de saneamiento y afines - Categora A',0,'C:\\GONSAD\\consultoriaA1',1,'2023'),(2,'Consultora en obras electromecnicas, energticas, telecomunicaciones y afines - Categora A',0,'C:\\GONSAD\\consultoriaA2',1,'2023'),(3,'Consultora en obras de represas , irrigaciones y afines - Categora B',0,'C:\\GONSAD\\consultoriaB1',1,'2023'),(4,'Consultora en obras urbanas edificaciones y afines - Categora B',0,'C:\\GONSAD\\consultoriaB2',1,'2023'),(5,'Consultora en obras viales, puertos y afines - Categora B',0,'C:\\GONSAD\\consultoriaB3',1,'2023');
/*!40000 ALTER TABLE `gonsad_folders` ENABLE KEYS */;
UNLOCK TABLES;

--
-- Table structure for table `gonsad_gerencia`
--

DROP TABLE IF EXISTS `gonsad_gerencia`;
/*!40101 SET @saved_cs_client     = @@character_set_client */;
/*!50503 SET character_set_client = utf8mb4 */;
CREATE TABLE `gonsad_gerencia` (
  `idgerencia` int(11) NOT NULL AUTO_INCREMENT,
  `nombre` varchar(255) COLLATE utf8_spanish2_ci NOT NULL,
  `cargo` varchar(45) COLLATE utf8_spanish2_ci NOT NULL,
  `telefono` varchar(12) COLLATE utf8_spanish2_ci NOT NULL,
  `email` varchar(100) COLLATE utf8_spanish2_ci DEFAULT NULL,
  PRIMARY KEY (`idgerencia`)
) ENGINE=InnoDB AUTO_INCREMENT=5 DEFAULT CHARSET=utf8 COLLATE=utf8_spanish2_ci;
/*!40101 SET character_set_client = @saved_cs_client */;

--
-- Dumping data for table `gonsad_gerencia`
--

LOCK TABLES `gonsad_gerencia` WRITE;
/*!40000 ALTER TABLE `gonsad_gerencia` DISABLE KEYS */;
INSERT INTO `gonsad_gerencia` VALUES (1,'ING. GONZALO QUISPE','GERENTE GENERAL','951223344','gonzalo@gmaill.com'),(2,'ARQ. CATERINY YESENIA HUMPIRI MAMANI','GERENCIA DE ESTUDIOS','950112233','caterine@hotmail.com'),(3,'ING. CRISTIAN SALAS SALAS','GERENCIA DE INFRAESTRUCTURA','963852741','dshfkjasdhf@assd.com'),(4,'CPC. ALAN GARCIA PEREZ','GERENCIA DE RECURSOS HIDRICOS','987554543','sdfjajsd@djhd.com');
/*!40000 ALTER TABLE `gonsad_gerencia` ENABLE KEYS */;
UNLOCK TABLES;

--
-- Table structure for table `gonsad_personal`
--

DROP TABLE IF EXISTS `gonsad_personal`;
/*!40101 SET @saved_cs_client     = @@character_set_client */;
/*!50503 SET character_set_client = utf8mb4 */;
CREATE TABLE `gonsad_personal` (
  `idpersonal` int(11) NOT NULL AUTO_INCREMENT,
  `nombre` varchar(60) COLLATE utf8_spanish2_ci NOT NULL,
  `apellidos` varchar(120) COLLATE utf8_spanish2_ci NOT NULL,
  `dni` char(8) COLLATE utf8_spanish2_ci NOT NULL,
  `sexo` varchar(12) COLLATE utf8_spanish2_ci DEFAULT NULL,
  `telefono` varchar(20) COLLATE utf8_spanish2_ci DEFAULT NULL,
  `email` varchar(150) COLLATE utf8_spanish2_ci DEFAULT NULL,
  `cargo` varchar(150) CHARACTER SET utf8 DEFAULT NULL,
  `idequipo` int(11) NOT NULL,
  `idusuario` int(11) NOT NULL,
  `idperiodo` int(11) NOT NULL,
  `fecCreate` datetime NOT NULL DEFAULT CURRENT_TIMESTAMP,
  `estado` tinyint(4) DEFAULT NULL,
  PRIMARY KEY (`idpersonal`)
) ENGINE=InnoDB AUTO_INCREMENT=24 DEFAULT CHARSET=utf8 COLLATE=utf8_spanish2_ci;
/*!40101 SET character_set_client = @saved_cs_client */;

--
-- Dumping data for table `gonsad_personal`
--

LOCK TABLES `gonsad_personal` WRITE;
/*!40000 ALTER TABLE `gonsad_personal` DISABLE KEYS */;
INSERT INTO `gonsad_personal` VALUES (1,'JUAN GONZALO','QUISPE CONDORI','45574308','Masculino','998090600','','GERENTE GENERAL',1,1,1,'2023-04-01 00:00:00',1),(2,'SADHIT ','VARGAS MONTESINOS','44622486','Femenino','954006444','','GERENTE ADMINISTRATIVO',1,1,1,'2023-04-01 00:00:00',1),(3,'ROSENDO ','CONDORI QUISPE','80296252','Masculino','987349111','','GERENTE TECNICO',1,1,1,'2023-04-01 00:00:00',1),(4,'CATERNNY YESENIA','HUMPIRI MAMANI','70090038','Femenino','966124129','','GERENTE DE ESTUDIOS DE GABINETE',1,1,1,'2023-04-01 00:00:00',1),(5,'ARMANDO ','QUISPE CONDORI','70412578','Masculino','922995272','','GERENTE ESTUDIOS DE CAMPO',1,1,1,'2023-04-01 00:00:00',1),(6,'JHIORGINHO PALNINHA','HUMPIRI MAMANI','70040053','Masculino','968181844','','JEFE DE SEGUIMIENTO',1,1,1,'2023-04-01 00:00:00',1),(7,'WILSON ','CHHINO MAMANI','44244333','Masculino','967129416','','PERSONAL',1,1,1,'2023-04-01 00:00:00',1),(8,'DAVID RENE','MAMANI FLORES','71046679','Masculino','977600737','','PERSONAL',1,1,1,'2023-04-01 00:00:00',1),(9,'ELISBAN ','CAHUI CCAHUI','70405206','Masculino','976429009','','PERSONAL',1,1,1,'2023-04-01 00:00:00',1),(10,'VICTOR ALFONSO','TITO MAMANI','71252646','Masculino','973439458','','PERSONAL',1,1,1,'2023-04-01 00:00:00',1),(11,'EDDY NELSON','FLORES FLORES','75968043','Masculino','918479910','','PERSONAL',1,1,1,'2023-04-01 00:00:00',1),(12,'YOEL LEONARDO','ERAZO QUISPE','73670226','Masculino','952355354','','PERSONAL',1,1,1,'2023-04-01 00:00:00',1),(13,'GISELA MARGOTH','LECHUGA VILGA','70169478','Femenino','970110840','','PERSONAL',1,1,1,'2023-04-01 00:00:00',1),(14,'JOS ALEXANDER','FLOREZ MAMANI','73952368','Masculino','910636483','','PERSONAL',1,1,1,'2023-04-01 00:00:00',1),(15,'HERBETH YOEL','CORTEZ GONZALO','74802505','Masculino','968725451','','PERSONAL',1,1,1,'2023-04-01 00:00:00',1),(16,'DEYSI ELIZABETH','TACCA PILCO','70850746','Femenino','991407149','','PERSONAL',1,1,1,'2023-04-01 00:00:00',1),(17,'URPI T\'IKA','LEON CCAPA','71024803','Femenino','949122860','','PERSONAL',1,1,1,'2023-04-01 00:00:00',1),(18,'CLISVED YANIRA','CHOQUE QUISPE','70054350','Femenino','918403361','','PERSONAL',1,1,1,'2023-04-01 00:00:00',1),(19,'WENDY MILVA','QUISPE ZAPANA','70160274','Femenino','998016363','','PERSONAL',1,1,1,'2023-04-01 00:00:00',1),(20,'LEIDY','RAMIREZ ALCCA','76621680','Femenino','938723091','','PERSONAL',1,1,1,'2023-04-01 00:00:00',1),(21,'ESMERALDA JHAKELYN','QUISPE CUTIPA','75402735','Femenino','927545814','','PERSONAL',1,1,1,'2023-04-01 00:00:00',1),(22,'MAYRON','CALIZAYA TACO','76867152','Masculino','986762395','','PERSONAL',1,1,1,'2023-04-01 00:00:00',1),(23,'JAIME ','QUISPE CAHUANA','76621680','Masculino','928621593','','PERSONAL',1,1,1,'2023-04-01 00:00:00',1);
/*!40000 ALTER TABLE `gonsad_personal` ENABLE KEYS */;
UNLOCK TABLES;

--
-- Table structure for table `gonsad_proyecto`
--

DROP TABLE IF EXISTS `gonsad_proyecto`;
/*!40101 SET @saved_cs_client     = @@character_set_client */;
/*!50503 SET character_set_client = utf8mb4 */;
CREATE TABLE `gonsad_proyecto` (
  `idproyecto` int(11) NOT NULL AUTO_INCREMENT,
  `nomproyecto` varchar(300) COLLATE utf8_spanish2_ci NOT NULL,
  `nomcorto` varchar(60) COLLATE utf8_spanish2_ci NOT NULL,
  `cui` varchar(20) COLLATE utf8_spanish2_ci NOT NULL,
  `departamento` varchar(100) COLLATE utf8_spanish2_ci DEFAULT NULL,
  `provincia` varchar(100) COLLATE utf8_spanish2_ci DEFAULT NULL,
  `distrito` varchar(100) COLLATE utf8_spanish2_ci DEFAULT NULL,
  `idpersonal` int(11) NOT NULL,
  `obs` varchar(255) COLLATE utf8_spanish2_ci DEFAULT NULL,
  `idespecialidad` int(11) NOT NULL,
  `idgerencia` int(11) NOT NULL,
  `idcoordinador` int(11) NOT NULL,
  `idcoorespecialidad` int(11) NOT NULL,
  `idcliente` int(11) NOT NULL,
  `plazo` int(11) NOT NULL,
  `jornada` int(11) DEFAULT NULL,
  `fecCreate` datetime DEFAULT CURRENT_TIMESTAMP,
  `fecChange` datetime DEFAULT CURRENT_TIMESTAMP,
  PRIMARY KEY (`idproyecto`),
  KEY `FK_PROYECTO_ESPECIALIDA_idx` (`idespecialidad`),
  CONSTRAINT `fk_Proyecto_Especialidad` FOREIGN KEY (`idespecialidad`) REFERENCES `gonsad_especialidades` (`idEspecialidades`) ON DELETE CASCADE ON UPDATE CASCADE
) ENGINE=InnoDB AUTO_INCREMENT=2 DEFAULT CHARSET=utf8 COLLATE=utf8_spanish2_ci;
/*!40101 SET character_set_client = @saved_cs_client */;

--
-- Dumping data for table `gonsad_proyecto`
--

LOCK TABLES `gonsad_proyecto` WRITE;
/*!40000 ALTER TABLE `gonsad_proyecto` DISABLE KEYS */;
INSERT INTO `gonsad_proyecto` VALUES (1,'MEJORAMIENTO DEL SERVICIO EDUCATIVO DEL NIVEL PRIMARIA Y SECUNDARIA DE LA I.E. N 56268 Y FERNANDO BELAUNDE TERRY DEL SECTOR AUSANTA DE LA C.C. AUCHO, DISTRITO DE LIVITACA - PROVINCIA DE CHUMBIVILCAS - DEPARTAMENTO DE CUSCO','IE_56268_AUSANTA','2145666','Puno','Azangaro','Achaya',3,'',1,1,1,1,1,1,4,'2023-02-18 00:32:28','2023-02-18 00:32:28');
/*!40000 ALTER TABLE `gonsad_proyecto` ENABLE KEYS */;
UNLOCK TABLES;

--
-- Table structure for table `gonsad_subcategoria`
--

DROP TABLE IF EXISTS `gonsad_subcategoria`;
/*!40101 SET @saved_cs_client     = @@character_set_client */;
/*!50503 SET character_set_client = utf8mb4 */;
CREATE TABLE `gonsad_subcategoria` (
  `nombre` varchar(200) COLLATE utf8_spanish2_ci NOT NULL,
  `idcategoria` int(11) NOT NULL
) ENGINE=InnoDB DEFAULT CHARSET=utf8 COLLATE=utf8_spanish2_ci;
/*!40101 SET character_set_client = @saved_cs_client */;

--
-- Dumping data for table `gonsad_subcategoria`
--

LOCK TABLES `gonsad_subcategoria` WRITE;
/*!40000 ALTER TABLE `gonsad_subcategoria` DISABLE KEYS */;
INSERT INTO `gonsad_subcategoria` VALUES ('Estructuras metalicas',1),('Diseo de interiores',2),('Cerco permiterico',2),('Calzadas',1);
/*!40000 ALTER TABLE `gonsad_subcategoria` ENABLE KEYS */;
UNLOCK TABLES;

--
-- Table structure for table `indice_pip`
--

DROP TABLE IF EXISTS `indice_pip`;
/*!40101 SET @saved_cs_client     = @@character_set_client */;
/*!50503 SET character_set_client = utf8mb4 */;
CREATE TABLE `indice_pip` (
  `idpip` int(11) NOT NULL AUTO_INCREMENT,
  `descripcion` varchar(255) NOT NULL,
  `idpersonal` int(11) DEFAULT NULL,
  `fecha` date DEFAULT NULL,
  `hora` time DEFAULT NULL,
  `idproyecto` int(11) DEFAULT NULL,
  `impreso` tinyint(4) DEFAULT NULL,
  PRIMARY KEY (`idpip`)
) ENGINE=InnoDB AUTO_INCREMENT=140 DEFAULT CHARSET=utf8;
/*!40101 SET character_set_client = @saved_cs_client */;

--
-- Dumping data for table `indice_pip`
--

LOCK TABLES `indice_pip` WRITE;
/*!40000 ALTER TABLE `indice_pip` DISABLE KEYS */;
INSERT INTO `indice_pip` VALUES (1,'I  DOCUMENTOS DEL PROYECTO',0,'2023-04-26','00:00:00',1,0),(2,'Criterio 1: SOLICITUD DE ATENCIN',0,'2023-04-26','00:00:00',1,0),(3,'Criterio 2: PROYECTO VIABLE, ACTIVO, REGISTRADO Y NO DUPLICADO',0,'2023-04-26','00:00:00',1,0),(4,'Criterio 3: DOCUMENTO DE APROBACIN DEL EXPEDIENTE TCNICO',0,'2023-04-26','00:00:00',1,0),(5,'II DOCUMENTOS DE INSTITUCIN EDUCATIVA',0,'2023-04-26','00:00:00',1,0),(6,'Criterio 1: DECLARACIN JURADA',0,'2023-04-26','00:00:00',1,0),(7,'Criterio 3: EXPEDIENTE TCNICO EN VERSIN DIGITAL',0,'2023-04-26','00:00:00',1,0),(8,'1. Estudios Bsicos',0,'2023-04-26','00:00:00',1,0),(9,'1.1. Estudio de demanda ',0,'2023-04-26','00:00:00',1,0),(10,'1.1.1. Memoria descriptiva',0,'2023-04-26','00:00:00',1,0),(11,'1.1.2. Hoja de clculo de demanda, poblacin potencial, poblacin y cierre de brechas ',0,'2023-04-26','00:00:00',1,0),(12,'1.1.3. Anexos',0,'2023-04-26','00:00:00',1,0),(13,'1.2. Estudio topografa',0,'2023-04-26','00:00:00',1,0),(14,'1.2.1. Informe topogrfico ',0,'2023-04-26','00:00:00',1,0),(15,'1.2.2. Planimetra general',0,'2023-04-26','00:00:00',1,0),(16,'1.2.3. Anexos',0,'2023-04-26','00:00:00',1,0),(17,'1.3. Estudio de mecnica de suelos',0,'2023-04-26','00:00:00',1,0),(18,'1.3.1. Memoria descriptiva',0,'2023-04-26','00:00:00',1,0),(19,'1.3.2. Memoria de clculo',0,'2023-04-26','00:00:00',1,0),(20,'1.3.3. Planimetra general',0,'2023-04-26','00:00:00',1,0),(21,'1.3.4. anexos',0,'2023-04-26','00:00:00',1,0),(22,'1.4. Evaluacin riesgo ante desastres naturales',0,'2023-04-26','00:00:00',1,0),(23,'1.4.1. Informe de evaluacin de riesgos',0,'2023-04-26','00:00:00',1,0),(24,'1.4.2. anexos',0,'2023-04-26','00:00:00',1,0),(25,'1.5. Proyecto de demolicin',0,'2023-04-26','00:00:00',1,0),(26,'1.5.1. Memoria descriptiva',0,'2023-04-26','00:00:00',1,0),(27,'1.5.2. Informe tcnico de sustento',0,'2023-04-26','00:00:00',1,0),(28,'1.5.3. Planimetra general',0,'2023-04-26','00:00:00',1,0),(29,'1.5.4. anexos',0,'2023-04-26','00:00:00',1,0),(30,'2. Especialidades',0,'2023-04-26','00:00:00',1,0),(31,'2.1. Arquitectura, Evacuacin y Sealizacin',0,'2023-04-26','00:00:00',1,0),(32,'2.1.1. Plano de ubicacin y localizacin *',0,'2023-04-26','00:00:00',1,0),(33,'2.1.2. Memoria descriptiva de arquitectura *',0,'2023-04-26','00:00:00',1,0),(34,'2.1.3. Planimetra de plantas *',0,'2023-04-26','00:00:00',1,0),(35,'2.1.4. Planimetra de cortes y elevaciones *',0,'2023-04-26','00:00:00',1,0),(36,'2.1.5. Planimetra de detalle *',0,'2023-04-26','00:00:00',1,0),(37,'2.1.6. Cuadro de acabados de arquitectura *',0,'2023-04-26','00:00:00',1,0),(38,'2.1.7. Especificaciones tcnicas de arquitectura *',0,'2023-04-26','00:00:00',1,0),(39,'2.1.8. Hoja resumen de metrados de arquitectura *',0,'2023-04-26','00:00:00',1,0),(40,'2.1.9. Hoja detallada de metrados de arquitectura (por tem) *',0,'2023-04-26','00:00:00',1,0),(41,'2.1.10. Memoria descriptiva de proyecto de evacuacin y sealizacin *',0,'2023-04-26','00:00:00',1,0),(42,'2.1.11. Planimetra de evacuacin y sealizacin *',0,'2023-04-26','00:00:00',1,0),(43,'2.1.12. Especificaciones tcnicas de evacuacin y sealizacin *',0,'2023-04-26','00:00:00',1,0),(44,'2.1.13. Hoja resumen de metrados de evacuacin y sealizacin *',0,'2023-04-26','00:00:00',1,0),(45,'2.1.14. Hoja detallada de metrados de evacuacin y sealizacin (por tem) *',0,'2023-04-26','00:00:00',1,0),(46,'2.1.15. Plan de contingencia *',0,'2023-04-26','00:00:00',1,0),(47,'2.1.15.1.Arquitectura',0,'2023-04-26','00:00:00',1,0),(48,'2.1.15.1.1. Memoria descriptiva contingencia',0,'2023-04-26','00:00:00',1,0),(49,'2.1.15.1.2. Planos de contingencia',0,'2023-04-26','00:00:00',1,0),(50,'2.1.15.1.3. Especificaciones tcnicas contingencia',0,'2023-04-26','00:00:00',1,0),(51,'2.1.15.2.Estructuras',0,'2023-04-26','00:00:00',1,0),(52,'2.1.15.2.1. Memoria descriptiva contingencia',0,'2023-04-26','00:00:00',1,0),(53,'2.1.15.2.2. Memoria de calculo',0,'2023-04-26','00:00:00',1,0),(54,'2.1.15.2.3. Planos de contingencia',0,'2023-04-26','00:00:00',1,0),(55,'2.1.15.2.4. Especificaciones tcnicas contingencia',0,'2023-04-26','00:00:00',1,0),(56,'2.1.15.3.sanitarias',0,'2023-04-26','00:00:00',1,0),(57,'2.1.15.3.1. Memoria descriptiva contingencia',0,'2023-04-26','00:00:00',1,0),(58,'2.1.15.3.2. Memoria de calculo',0,'2023-04-26','00:00:00',1,0),(59,'2.1.15.3.3. Planos de contingencia',0,'2023-04-26','00:00:00',1,0),(60,'2.1.15.3.4. Especificaciones tcnicas contingencia',0,'2023-04-26','00:00:00',1,0),(61,'2.1.15.4.electricas',0,'2023-04-26','00:00:00',1,0),(62,'2.1.15.4.1. Memoria descriptiva contingencia',0,'2023-04-26','00:00:00',1,0),(63,'2.1.15.4.2. Memoria de calculo',0,'2023-04-26','00:00:00',1,0),(64,'2.1.15.4.3. Planos de contingencia',0,'2023-04-26','00:00:00',1,0),(65,'2.1.16. certificado de inexistencias de restos arqueolgicos ',0,'2023-04-26','00:00:00',1,0),(66,'2.1.17. anexos',0,'2023-04-26','00:00:00',1,0),(67,'2.2. Estructuras',0,'2023-04-26','00:00:00',1,0),(68,'2.2.1. Memoria descriptiva de estructuras *',0,'2023-04-26','00:00:00',1,0),(69,'2.2.2. Memoria de clculo de estructuras *',0,'2023-04-26','00:00:00',1,0),(70,'2.2.3. Planimetra general *',0,'2023-04-26','00:00:00',1,0),(71,'2.2.4. Planimetra de detalle *',0,'2023-04-26','00:00:00',1,0),(72,'2.2.5. Especificaciones tcnicas de estructuras *',0,'2023-04-26','00:00:00',1,0),(73,'2.2.6. Hoja resumen de metrados de estructuras *',0,'2023-04-26','00:00:00',1,0),(74,'2.2.7. Hoja detallada de metrados de estructuras (por tem) *',0,'2023-04-26','00:00:00',1,0),(75,'2.3. Instalaciones Elctricas y Comunicaciones',0,'2023-04-26','00:00:00',1,0),(76,'2.3.1. Memoria descriptiva de instalaciones elctricas y comunicaciones *',0,'2023-04-26','00:00:00',1,0),(77,'2.3.2. Memoria de clculo de instalaciones elctricas y comunicaciones *',0,'2023-04-26','00:00:00',1,0),(78,'2.3.3. Planimetra general *',0,'2023-04-26','00:00:00',1,0),(79,'2.3.4. Planimetra de detalle *',0,'2023-04-26','00:00:00',1,0),(80,'2.3.5. Especificaciones tcnicas de instalaciones elctricas y comunicaciones *',0,'2023-04-26','00:00:00',1,0),(81,'2.3.6. Hoja resumen de metrados de instalaciones elctricas y comunicaciones *',0,'2023-04-26','00:00:00',1,0),(82,'2.3.7. Hoja detallada de metrados de instalaciones elctricas y comunicaciones (por tem) *',0,'2023-04-26','00:00:00',1,0),(83,'2.3.8. Memoria descriptiva de electromecnicas',0,'2023-04-26','00:00:00',1,0),(84,'2.3.9. Memoria de clculo de electromecnicas',0,'2023-04-26','00:00:00',1,0),(85,'2.3.10. Planimetra general ',0,'2023-04-26','00:00:00',1,0),(86,'2.3.11. Planimetra detallada',0,'2023-04-26','00:00:00',1,0),(87,'2.3.12. Especificaciones tcnicas',0,'2023-04-26','00:00:00',1,0),(88,'2.3.13. Hoja de resumen de Metrados ',0,'2023-04-26','00:00:00',1,0),(89,'2.3.14. Hoja detallada de metados',0,'2023-04-26','00:00:00',1,0),(90,'2.3.15. anexos',0,'2023-04-26','00:00:00',1,0),(91,'2.4. Instalaciones Sanitarias',0,'2023-04-26','00:00:00',1,0),(92,'2.4.1. Memoria descriptiva de instalaciones sanitarias *',0,'2023-04-26','00:00:00',1,0),(93,'2.4.2. Memoria de clculo de instalaciones sanitarias *',0,'2023-04-26','00:00:00',1,0),(94,'2.4.3. Planimetra general *',0,'2023-04-26','00:00:00',1,0),(95,'2.4.4. Planimetra de detalle *',0,'2023-04-26','00:00:00',1,0),(96,'2.4.5. Especificaciones tcnicas de instalaciones sanitarias *',0,'2023-04-26','00:00:00',1,0),(97,'2.4.6. Hoja resumen de metrados de instalaciones sanitarias *',0,'2023-04-26','00:00:00',1,0),(98,'2.4.7. Hoja detallada de metrados de instalaciones sanitarias (por tem) *',0,'2023-04-26','00:00:00',1,0),(99,'2.4.8. anexos',0,'2023-04-26','00:00:00',1,0),(100,'3. Costos, presupuesto y programacin ',0,'2023-04-26','00:00:00',1,0),(101,'3.1.1. Hoja de Consolidado *',0,'2023-04-26','00:00:00',1,0),(102,'3.1.2. Cuadro de anlisis de costos unitarios de arquitectura *',0,'2023-04-26','00:00:00',1,0),(103,'3.1.3. Cuadro de anlisis de costos unitarios de evacuacin y sealizacin *',0,'2023-04-26','00:00:00',1,0),(104,'3.1.4. Cuadro de anlisis de costos unitarios de estructuras *',0,'2023-04-26','00:00:00',1,0),(105,'3.1.5. Cuadro de anlisis de costos unitarios de instalaciones elctricas y comunicaciones *',0,'2023-04-26','00:00:00',1,0),(106,'3.1.6. Cuadro de anlisis de costos unitarios de instalaciones sanitarias *',0,'2023-04-26','00:00:00',1,0),(107,'3.1.7. Cuadro de anlisis de costos indirectos *',0,'2023-04-26','00:00:00',1,0),(108,'3.1.8. Resumen de cotizaciones de arquitectura *',0,'2023-04-26','00:00:00',1,0),(109,'3.1.9. Resumen de cotizaciones de evacuacin y sealizacin *',0,'2023-04-26','00:00:00',1,0),(110,'3.1.10. Resumen de cotizaciones de estructuras *',0,'2023-04-26','00:00:00',1,0),(111,'3.1.11. Resumen de cotizaciones de instalaciones elctricas y comunicaciones *',0,'2023-04-26','00:00:00',1,0),(112,'3.1.12. Resumen de cotizaciones de instalaciones sanitarias *',0,'2023-04-26','00:00:00',1,0),(113,'3.1.13. Relacin de materiales e insumos de arquitectura *',0,'2023-04-26','00:00:00',1,0),(114,'3.1.14. Relacin de materiales e insumos de evacuacin y sealizacin *',0,'2023-04-26','00:00:00',1,0),(115,'3.1.15. Relacin de materiales e insumos de estructuras *',0,'2023-04-26','00:00:00',1,0),(116,'3.1.16. Relacin de materiales e insumos de instalaciones elctricas y comunicaciones *',0,'2023-04-26','00:00:00',1,0),(117,'3.1.17. Relacin de materiales e insumos de instalaciones sanitarias *',0,'2023-04-26','00:00:00',1,0),(118,'3.1.18. Hoja resumen de presupuesto *',0,'2023-04-26','00:00:00',1,0),(119,'3.1.19. Presupuesto desagregado de arquitectura *',0,'2023-04-26','00:00:00',1,0),(120,'3.1.20. Presupuesto desagregado de evacuacin y sealizacin *',0,'2023-04-26','00:00:00',1,0),(121,'3.1.21. Presupuesto desagregado de estructuras *',0,'2023-04-26','00:00:00',1,0),(122,'3.1.22. Presupuesto desagregado de instalaciones elctricas y comunicaciones *',0,'2023-04-26','00:00:00',1,0),(123,'3.1.23. Presupuesto desagregado de instalaciones sanitarias *',0,'2023-04-26','00:00:00',1,0),(124,'3.1.24. Presupuesto desagregado de gastos generales *',0,'2023-04-26','00:00:00',1,0),(125,'3.1.25. Frmulas polinmicas y agrupamiento de arquitectura *',0,'2023-04-26','00:00:00',1,0),(126,'3.1.26. Frmulas polinmicas y agrupamiento de evacuacin y sealizacin *',0,'2023-04-26','00:00:00',1,0),(127,'3.1.27. Frmulas polinmicas y agrupamiento de estructuras *',0,'2023-04-26','00:00:00',1,0),(128,'3.1.28. Frmulas polinmicas y agrupamiento de instalaciones elctricas y comunicaciones *',0,'2023-04-26','00:00:00',1,0),(129,'3.1.29. Frmulas polinmicas y agrupamiento de instalaciones sanitarias *',0,'2023-04-26','00:00:00',1,0),(130,'3.1.30. Cronograma de avance de obra (gantt) *',0,'2023-04-26','00:00:00',1,0),(131,'3.1.31. Cronograma valorizado *',0,'2023-04-26','00:00:00',1,0),(132,'3.1.32. Curva S *',0,'2023-04-26','00:00:00',1,0),(133,'3.1.33.  Cronograma de desembolso',0,'2023-04-26','00:00:00',1,0),(134,'3.1.34. anexos',0,'2023-04-26','00:00:00',1,0),(135,'Criterio 4: SANEAMIENTO DE TERRENOS',0,'2023-04-26','00:00:00',1,0),(136,'1. Copia literal del terreno o documento similar debidamente escrito en SUNARP',0,'2023-04-26','00:00:00',1,0),(137,'2. Factibilidad de servicios emitidos por las correspondientes Empresas Prestadoras de Servicios (EPS) y/o los documentos probatorios de los servicios *',0,'2023-04-26','00:00:00',1,0),(138,'2.1. Luz *',0,'2023-04-26','00:00:00',1,0),(139,'2.2. Agua y Alcantarillado',0,'2023-04-26','00:00:00',1,0);
/*!40000 ALTER TABLE `indice_pip` ENABLE KEYS */;
UNLOCK TABLES;

--
-- Temporary view structure for view `view_personal`
--

DROP TABLE IF EXISTS `view_personal`;
/*!50001 DROP VIEW IF EXISTS `view_personal`*/;
SET @saved_cs_client     = @@character_set_client;
/*!50503 SET character_set_client = utf8mb4 */;
/*!50001 CREATE VIEW `view_personal` AS SELECT 
 1 AS `idpersonal`,
 1 AS `nombre`,
 1 AS `cargo`*/;
SET character_set_client = @saved_cs_client;

--
-- Final view structure for view `view_personal`
--

/*!50001 DROP VIEW IF EXISTS `view_personal`*/;
/*!50001 SET @saved_cs_client          = @@character_set_client */;
/*!50001 SET @saved_cs_results         = @@character_set_results */;
/*!50001 SET @saved_col_connection     = @@collation_connection */;
/*!50001 SET character_set_client      = utf8mb4 */;
/*!50001 SET character_set_results     = utf8mb4 */;
/*!50001 SET collation_connection      = utf8mb4_general_ci */;
/*!50001 CREATE ALGORITHM=UNDEFINED */
/*!50013 DEFINER=`root`@`localhost` SQL SECURITY DEFINER */
/*!50001 VIEW `view_personal` AS select `gonsad_personal`.`idpersonal` AS `idpersonal`,concat(`gonsad_personal`.`nombre`,' ',`gonsad_personal`.`apellidos`) AS `nombre`,`gonsad_personal`.`cargo` AS `cargo` from `gonsad_personal` */;
/*!50001 SET character_set_client      = @saved_cs_client */;
/*!50001 SET character_set_results     = @saved_cs_results */;
/*!50001 SET collation_connection      = @saved_col_connection */;
/*!40103 SET TIME_ZONE=@OLD_TIME_ZONE */;

/*!40101 SET SQL_MODE=@OLD_SQL_MODE */;
/*!40014 SET FOREIGN_KEY_CHECKS=@OLD_FOREIGN_KEY_CHECKS */;
/*!40014 SET UNIQUE_CHECKS=@OLD_UNIQUE_CHECKS */;
/*!40101 SET CHARACTER_SET_CLIENT=@OLD_CHARACTER_SET_CLIENT */;
/*!40101 SET CHARACTER_SET_RESULTS=@OLD_CHARACTER_SET_RESULTS */;
/*!40101 SET COLLATION_CONNECTION=@OLD_COLLATION_CONNECTION */;
/*!40111 SET SQL_NOTES=@OLD_SQL_NOTES */;

-- Dump completed on 2023-04-30 17:53:38
